AGE,AMOUNT_SPENT,BALANCE,BUSINESS_CITY,BUSINESS_COUNTRY_CODE,BUSINESS_NAME,BUSINESS_STATE,BUSINESS_STREET,BUSINESS_ZIP,CAN_CREATE_BRAND_LIFT_STUDY,CREATED_TIME,CURRENCY,END_ADVERTISER,END_ADVERTISER_NAME,HAS_MIGRATED_PERMISSIONS,IS_ATTRIBUTION_SPEC_SYSTEM_DEFAULT,IS_DIRECT_DEALS_ENABLED,IS_IN_3_DS_AUTHORIZATION_ENABLED_MARKET,IS_NOTIFICATIONS_ENABLED,IS_PERSONAL,IS_PREPAY_ACCOUNT,IS_TAX_ID_REQUIRED,MIN_CAMPAIGN_GROUP_SPEND_CAP,MIN_DAILY_BUDGET,NAME,OFFSITE_PIXELS_TOS_ACCEPTED,OWNER,SPEND_CAP,TAX_ID_TYPE,TIMEZONE_ID,TIMEZONE_NAME,TIMEZONE_OFFSET_HOURS_UTC,ACCOUNT_STATUS,DISABLE_REASON,TAX_ID_STATUS,BUSINESS_MANAGER_NAME,BUSINESS_MANAGER_MANAGER_ID,_FIVETRAN_SYNCED,_FIVETRAN_ID,ID
14.1833693,17208,5102,Bozeman,US,Snowflake Computing Inc.,MT,"106 East Babcock Street, Suite 3A",59715,TRUE,2022-01-20 12:59:50-08:00,USD,3.44633E+14,Snowflake,TRUE,TRUE,FALSE,FALSE,TRUE,0,FALSE,FALSE,10000,100,Snowflake Product Account,TRUE,3.44633E+14,0,0,1,America/Los_Angeles,-7,ACTIVE,NONE,VAT information submitted,Snowflake,3.44633E+14,2024-05-12 01:32:30.925000-07:00,0,0
9.961330544,14190,3566,Bozeman,US,Snowflake Computing Inc.,MT,"106 East Babcock Street, Suite 3A",59715,TRUE,2022-01-20 12:59:50-08:00,USD,3.44633E+14,Snowflake,TRUE,TRUE,FALSE,FALSE,TRUE,0,FALSE,FALSE,10000,100,Snowflake Product Account,TRUE,3.44633E+14,0,0,1,America/Los_Angeles,-7,ACTIVE,NONE,VAT information submitted,Snowflake,3.44633E+14,2024-05-02 07:33:01.750000-07:00,2,0
8.077225596,13094,16962,Bozeman,US,Snowflake Computing Inc.,MT,"106 East Babcock Street, Suite 3A",59715,TRUE,2022-01-20 12:59:50-08:00,USD,3.44633E+14,Snowflake,TRUE,TRUE,FALSE,FALSE,TRUE,0,FALSE,FALSE,10000,100,Snowflake Product Account,TRUE,3.44633E+14,0,0,1,America/Los_Angeles,-7,ACTIVE,NONE,VAT information submitted,Snowflake,3.44633E+14,2024-05-09 01:32:16.477000-07:00,7,0
7.054592194,17208,16962,Bozeman,US,Snowflake Computing Inc.,MT,"106 East Babcock Street, Suite 3A",59715,TRUE,2022-01-20 12:59:50-08:00,USD,3.44633E+14,Snowflake,TRUE,TRUE,FALSE,FALSE,TRUE,0,FALSE,FALSE,10000,100,Snowflake Product Account,TRUE,3.44633E+14,0,0,1,America/Los_Angeles,-7,ACTIVE,NONE,VAT information submitted,Snowflake,3.44633E+14,2024-04-26 07:32:31.404000-07:00,13,0
20.00200272,1973,13282,Bozeman,US,Snowflake Computing Inc.,MT,"106 East Babcock Street, Suite 3A",59715,TRUE,2022-01-20 12:59:50-08:00,USD,3.44633E+14,Snowflake,TRUE,TRUE,FALSE,FALSE,TRUE,0,FALSE,FALSE,10000,100,Snowflake Product Account,TRUE,3.44633E+14,0,0,1,America/Los_Angeles,-7,ACTIVE,NONE,VAT information submitted,Snowflake,3.44633E+14,2024-05-11 19:32:36.229000-07:00,18,0
6.436860146,15843,16962,Bozeman,US,Snowflake Computing Inc.,MT,"106 East Babcock Street, Suite 3A",59715,TRUE,2022-01-20 12:59:50-08:00,USD,3.44633E+14,Snowflake,TRUE,TRUE,FALSE,FALSE,TRUE,0,FALSE,FALSE,10000,100,Snowflake Product Account,TRUE,3.44633E+14,0,0,1,America/Los_Angeles,-7,ACTIVE,NONE,VAT information submitted,Snowflake,3.44633E+14,2024-05-02 19:32:39.622000-07:00,21,0
12.51476575,13003,8302,Bozeman,US,Snowflake Computing Inc.,MT,"106 East Babcock Street, Suite 3A",59715,TRUE,2022-01-20 12:59:50-08:00,USD,3.44633E+14,Snowflake,TRUE,TRUE,FALSE,FALSE,TRUE,0,FALSE,FALSE,10000,100,Snowflake Product Account,TRUE,3.44633E+14,0,0,1,America/Los_Angeles,-7,ACTIVE,NONE,VAT information submitted,Snowflake,3.44633E+14,2024-05-01 01:32:23.555000-07:00,22,0
9.081739014,17208,16357,Bozeman,US,Snowflake Computing Inc.,MT,"106 East Babcock Street, Suite 3A",59715,TRUE,2022-01-20 12:59:50-08:00,USD,3.44633E+14,Snowflake,TRUE,TRUE,FALSE,FALSE,TRUE,0,FALSE,FALSE,10000,100,Snowflake Product Account,TRUE,3.44633E+14,0,0,1,America/Los_Angeles,-7,ACTIVE,NONE,VAT information submitted,Snowflake,3.44633E+14,2024-05-09 07:32:41.595000-07:00,24,0
6.764956493,13082,16962,Bozeman,US,Snowflake Computing Inc.,MT,"106 East Babcock Street, Suite 3A",59715,TRUE,2022-01-20 12:59:50-08:00,USD,3.44633E+14,Snowflake,TRUE,TRUE,FALSE,FALSE,TRUE,0,FALSE,FALSE,10000,100,Snowflake Product Account,TRUE,3.44633E+14,0,0,1,America/Los_Angeles,-7,ACTIVE,NONE,VAT information submitted,Snowflake,3.44633E+14,2024-04-30 19:32:30.497000-07:00,25,0
7.244250934,17208,16962,Bozeman,US,Snowflake Computing Inc.,MT,"106 East Babcock Street, Suite 3A",59715,TRUE,2022-01-20 12:59:50-08:00,USD,3.44633E+14,Snowflake,TRUE,TRUE,FALSE,FALSE,TRUE,0,FALSE,FALSE,10000,100,Snowflake Product Account,TRUE,3.44633E+14,0,0,1,America/Los_Angeles,-7,ACTIVE,NONE,VAT information submitted,Snowflake,3.44633E+14,2024-05-01 01:32:23.555000-07:00,36,0
19.7622664,9775,16962,Bozeman,US,Snowflake Computing Inc.,MT,"106 East Babcock Street, Suite 3A",59715,TRUE,2022-01-20 12:59:50-08:00,USD,3.44633E+14,Snowflake,TRUE,TRUE,FALSE,FALSE,TRUE,0,FALSE,FALSE,10000,100,Snowflake Product Account,TRUE,3.44633E+14,0,0,1,America/Los_Angeles,-7,ACTIVE,NONE,VAT information submitted,Snowflake,3.44633E+14,2024-05-02 06:14:36.728000-07:00,37,0
13.99295427,8260,16962,Bozeman,US,Snowflake Computing Inc.,MT,"106 East Babcock Street, Suite 3A",59715,TRUE,2022-01-20 12:59:50-08:00,USD,3.44633E+14,Snowflake,TRUE,TRUE,FALSE,FALSE,TRUE,0,FALSE,FALSE,10000,100,Snowflake Product Account,TRUE,3.44633E+14,0,0,1,America/Los_Angeles,-7,ACTIVE,NONE,VAT information submitted,Snowflake,3.44633E+14,2024-05-10 01:32:53.941000-07:00,40,0
6.762235356,17208,16962,Bozeman,US,Snowflake Computing Inc.,MT,"106 East Babcock Street, Suite 3A",59715,TRUE,2022-01-20 12:59:50-08:00,USD,3.44633E+14,Snowflake,TRUE,TRUE,FALSE,FALSE,TRUE,0,FALSE,FALSE,10000,100,Snowflake Product Account,TRUE,3.44633E+14,0,0,1,America/Los_Angeles,-7,ACTIVE,NONE,VAT information submitted,Snowflake,3.44633E+14,2024-05-03 19:33:10.671000-07:00,50,0
20.00200272,8615,8763,Bozeman,US,Snowflake Computing Inc.,MT,"106 East Babcock Street, Suite 3A",59715,TRUE,2022-01-20 12:59:50-08:00,USD,3.44633E+14,Snowflake,TRUE,TRUE,FALSE,FALSE,TRUE,0,FALSE,FALSE,10000,100,Snowflake Product Account,TRUE,3.44633E+14,0,0,1,America/Los_Angeles,-7,ACTIVE,NONE,VAT information submitted,Snowflake,3.44633E+14,2024-05-03 01:32:41.729000-07:00,61,0
9.879000086,0,6387,Bozeman,US,Snowflake Computing Inc.,MT,"106 East Babcock Street, Suite 3A",59715,TRUE,2022-01-20 12:59:50-08:00,USD,3.44633E+14,Snowflake,TRUE,TRUE,FALSE,FALSE,TRUE,0,FALSE,FALSE,10000,100,Snowflake Product Account,TRUE,3.44633E+14,0,0,1,America/Los_Angeles,-7,ACTIVE,NONE,VAT information submitted,Snowflake,3.44633E+14,2024-05-01 13:32:23.594000-07:00,65,0
20.00200272,4851,16962,Bozeman,US,Snowflake Computing Inc.,MT,"106 East Babcock Street, Suite 3A",59715,TRUE,2022-01-20 12:59:50-08:00,USD,3.44633E+14,Snowflake,TRUE,TRUE,FALSE,FALSE,TRUE,0,FALSE,FALSE,10000,100,Snowflake Product Account,TRUE,3.44633E+14,0,0,1,America/Los_Angeles,-7,ACTIVE,NONE,VAT information submitted,Snowflake,3.44633E+14,2024-05-10 07:33:30.872000-07:00,67,0
20.00200272,17208,3803,Bozeman,US,Snowflake Computing Inc.,MT,"106 East Babcock Street, Suite 3A",59715,TRUE,2022-01-20 12:59:50-08:00,USD,3.44633E+14,Snowflake,TRUE,TRUE,FALSE,FALSE,TRUE,0,FALSE,FALSE,10000,100,Snowflake Product Account,TRUE,3.44633E+14,0,0,1,America/Los_Angeles,-7,ACTIVE,NONE,VAT information submitted,Snowflake,3.44633E+14,2024-05-09 07:32:41.595000-07:00,83,0
7.557381025,2125,16962,Bozeman,US,Snowflake Computing Inc.,MT,"106 East Babcock Street, Suite 3A",59715,TRUE,2022-01-20 12:59:50-08:00,USD,3.44633E+14,Snowflake,TRUE,TRUE,FALSE,FALSE,TRUE,0,FALSE,FALSE,10000,100,Snowflake Product Account,TRUE,3.44633E+14,0,0,1,America/Los_Angeles,-7,ACTIVE,NONE,VAT information submitted,Snowflake,3.44633E+14,2024-05-11 07:33:03.332000-07:00,87,0
9.470381687,17208,16962,Bozeman,US,Snowflake Computing Inc.,MT,"106 East Babcock Street, Suite 3A",59715,TRUE,2022-01-20 12:59:50-08:00,USD,3.44633E+14,Snowflake,TRUE,TRUE,FALSE,FALSE,TRUE,0,FALSE,FALSE,10000,100,Snowflake Product Account,TRUE,3.44633E+14,0,0,1,America/Los_Angeles,-7,ACTIVE,NONE,VAT information submitted,Snowflake,3.44633E+14,2024-05-11 07:33:03.332000-07:00,93,0
0,17208,16962,Bozeman,US,Snowflake Computing Inc.,MT,"106 East Babcock Street, Suite 3A",59715,TRUE,2022-01-20 12:59:50-08:00,USD,3.44633E+14,Snowflake,TRUE,TRUE,FALSE,FALSE,TRUE,0,FALSE,FALSE,10000,100,Snowflake Product Account,TRUE,3.44633E+14,0,0,1,America/Los_Angeles,-7,ACTIVE,NONE,VAT information submitted,Snowflake,3.44633E+14,2024-05-09 01:32:16.477000-07:00,95,0
15.3428888,17208,15101,Bozeman,US,Snowflake Computing Inc.,MT,"106 East Babcock Street, Suite 3A",59715,TRUE,2022-01-20 12:59:50-08:00,USD,3.44633E+14,Snowflake,TRUE,TRUE,FALSE,FALSE,TRUE,0,FALSE,FALSE,10000,100,Snowflake Product Account,TRUE,3.44633E+14,0,0,1,America/Los_Angeles,-7,ACTIVE,NONE,VAT information submitted,Snowflake,3.44633E+14,2024-05-12 01:32:30.925000-07:00,98,0
0,17208,16962,Bozeman,US,Snowflake Computing Inc.,MT,"106 East Babcock Street, Suite 3A",59715,TRUE,2022-01-20 12:59:50-08:00,USD,3.44633E+14,Snowflake,TRUE,TRUE,FALSE,FALSE,TRUE,0,FALSE,FALSE,10000,100,Snowflake Product Account,TRUE,3.44633E+14,0,0,1,America/Los_Angeles,-7,ACTIVE,NONE,VAT information submitted,Snowflake,3.44633E+14,2024-05-11 01:32:29.258000-07:00,103,0
12.67970423,0,12858,Bozeman,US,Snowflake Computing Inc.,MT,"106 East Babcock Street, Suite 3A",59715,TRUE,2022-01-20 12:59:50-08:00,USD,3.44633E+14,Snowflake,TRUE,TRUE,FALSE,FALSE,TRUE,0,FALSE,FALSE,10000,100,Snowflake Product Account,TRUE,3.44633E+14,0,0,1,America/Los_Angeles,-7,ACTIVE,NONE,VAT information submitted,Snowflake,3.44633E+14,2024-05-02 15:51:12.202000-07:00,106,0
7.886748083,17208,16962,Bozeman,US,Snowflake Computing Inc.,MT,"106 East Babcock Street, Suite 3A",59715,TRUE,2022-01-20 12:59:50-08:00,USD,3.44633E+14,Snowflake,TRUE,TRUE,FALSE,FALSE,TRUE,0,FALSE,FALSE,10000,100,Snowflake Product Account,TRUE,3.44633E+14,0,0,1,America/Los_Angeles,-7,ACTIVE,NONE,VAT information submitted,Snowflake,3.44633E+14,2024-05-03 07:32:43.533000-07:00,111,0
10.39747638,17208,16962,Bozeman,US,Snowflake Computing Inc.,MT,"106 East Babcock Street, Suite 3A",59715,TRUE,2022-01-20 12:59:50-08:00,USD,3.44633E+14,Snowflake,TRUE,TRUE,FALSE,FALSE,TRUE,0,FALSE,FALSE,10000,100,Snowflake Product Account,TRUE,3.44633E+14,0,0,1,America/Los_Angeles,-7,ACTIVE,NONE,VAT information submitted,Snowflake,3.44633E+14,2024-05-10 01:32:53.941000-07:00,116,0
0,17208,12845,Bozeman,US,Snowflake Computing Inc.,MT,"106 East Babcock Street, Suite 3A",59715,TRUE,2022-01-20 12:59:50-08:00,USD,3.44633E+14,Snowflake,TRUE,TRUE,FALSE,FALSE,TRUE,0,FALSE,FALSE,10000,100,Snowflake Product Account,TRUE,3.44633E+14,0,0,1,America/Los_Angeles,-7,ACTIVE,NONE,VAT information submitted,Snowflake,3.44633E+14,2024-05-13 13:33:31.499000-07:00,119,0
6.335641018,17208,16962,Bozeman,US,Snowflake Computing Inc.,MT,"106 East Babcock Street, Suite 3A",59715,TRUE,2022-01-20 12:59:50-08:00,USD,3.44633E+14,Snowflake,TRUE,TRUE,FALSE,FALSE,TRUE,0,FALSE,FALSE,10000,100,Snowflake Product Account,TRUE,3.44633E+14,0,0,1,America/Los_Angeles,-7,ACTIVE,NONE,VAT information submitted,Snowflake,3.44633E+14,2024-05-10 07:33:30.872000-07:00,120,0
14.24898156,17208,16962,Bozeman,US,Snowflake Computing Inc.,MT,"106 East Babcock Street, Suite 3A",59715,TRUE,2022-01-20 12:59:50-08:00,USD,3.44633E+14,Snowflake,TRUE,TRUE,FALSE,FALSE,TRUE,0,FALSE,FALSE,10000,100,Snowflake Product Account,TRUE,3.44633E+14,0,0,1,America/Los_Angeles,-7,ACTIVE,NONE,VAT information submitted,Snowflake,3.44633E+14,2024-05-09 01:32:16.477000-07:00,122,0
12.21449463,0,11542,Bozeman,US,Snowflake Computing Inc.,MT,"106 East Babcock Street, Suite 3A",59715,TRUE,2022-01-20 12:59:50-08:00,USD,3.44633E+14,Snowflake,TRUE,TRUE,FALSE,FALSE,TRUE,0,FALSE,FALSE,10000,100,Snowflake Product Account,TRUE,3.44633E+14,0,0,1,America/Los_Angeles,-7,ACTIVE,NONE,VAT information submitted,Snowflake,3.44633E+14,2024-05-13 13:33:31.499000-07:00,127,0
0,8444,16962,Bozeman,US,Snowflake Computing Inc.,MT,"106 East Babcock Street, Suite 3A",59715,TRUE,2022-01-20 12:59:50-08:00,USD,3.44633E+14,Snowflake,TRUE,TRUE,FALSE,FALSE,TRUE,0,FALSE,FALSE,10000,100,Snowflake Product Account,TRUE,3.44633E+14,0,0,1,America/Los_Angeles,-7,ACTIVE,NONE,VAT information submitted,Snowflake,3.44633E+14,2024-05-09 13:32:56.426000-07:00,132,0
20.00200272,17208,11294,Bozeman,US,Snowflake Computing Inc.,MT,"106 East Babcock Street, Suite 3A",59715,TRUE,2022-01-20 12:59:50-08:00,USD,3.44633E+14,Snowflake,TRUE,TRUE,FALSE,FALSE,TRUE,0,FALSE,FALSE,10000,100,Snowflake Product Account,TRUE,3.44633E+14,0,0,1,America/Los_Angeles,-7,ACTIVE,NONE,VAT information submitted,Snowflake,3.44633E+14,2024-05-14 01:32:53.652000-07:00,147,0
1.040007461,9702,8816,Bozeman,US,Snowflake Computing Inc.,MT,"106 East Babcock Street, Suite 3A",59715,TRUE,2022-01-20 12:59:50-08:00,USD,3.44633E+14,Snowflake,TRUE,TRUE,FALSE,FALSE,TRUE,0,FALSE,FALSE,10000,100,Snowflake Product Account,TRUE,3.44633E+14,0,0,1,America/Los_Angeles,-7,ACTIVE,NONE,VAT information submitted,Snowflake,3.44633E+14,2024-05-13 19:32:39.153000-07:00,148,0
14.27718443,16707,12975,Bozeman,US,Snowflake Computing Inc.,MT,"106 East Babcock Street, Suite 3A",59715,TRUE,2022-01-20 12:59:50-08:00,USD,3.44633E+14,Snowflake,TRUE,TRUE,FALSE,FALSE,TRUE,0,FALSE,FALSE,10000,100,Snowflake Product Account,TRUE,3.44633E+14,0,0,1,America/Los_Angeles,-7,ACTIVE,NONE,VAT information submitted,Snowflake,3.44633E+14,2024-04-26 07:32:31.404000-07:00,156,0
14.07135758,2357,16962,Bozeman,US,Snowflake Computing Inc.,MT,"106 East Babcock Street, Suite 3A",59715,TRUE,2022-01-20 12:59:50-08:00,USD,3.44633E+14,Snowflake,TRUE,TRUE,FALSE,FALSE,TRUE,0,FALSE,FALSE,10000,100,Snowflake Product Account,TRUE,3.44633E+14,0,0,1,America/Los_Angeles,-7,ACTIVE,NONE,VAT information submitted,Snowflake,3.44633E+14,2024-05-02 06:14:36.728000-07:00,159,0
6.53920568,11582,16962,Bozeman,US,Snowflake Computing Inc.,MT,"106 East Babcock Street, Suite 3A",59715,TRUE,2022-01-20 12:59:50-08:00,USD,3.44633E+14,Snowflake,TRUE,TRUE,FALSE,FALSE,TRUE,0,FALSE,FALSE,10000,100,Snowflake Product Account,TRUE,3.44633E+14,0,0,1,America/Los_Angeles,-7,ACTIVE,NONE,VAT information submitted,Snowflake,3.44633E+14,2024-05-04 13:32:29.992000-07:00,164,0
2.758469145,5287,16567,Bozeman,US,Snowflake Computing Inc.,MT,"106 East Babcock Street, Suite 3A",59715,TRUE,2022-01-20 12:59:50-08:00,USD,3.44633E+14,Snowflake,TRUE,TRUE,FALSE,FALSE,TRUE,0,FALSE,FALSE,10000,100,Snowflake Product Account,TRUE,3.44633E+14,0,0,1,America/Los_Angeles,-7,ACTIVE,NONE,VAT information submitted,Snowflake,3.44633E+14,2024-05-14 07:32:25.876000-07:00,166,0
6.24332426,17208,16962,Bozeman,US,Snowflake Computing Inc.,MT,"106 East Babcock Street, Suite 3A",59715,TRUE,2022-01-20 12:59:50-08:00,USD,3.44633E+14,Snowflake,TRUE,TRUE,FALSE,FALSE,TRUE,0,FALSE,FALSE,10000,100,Snowflake Product Account,TRUE,3.44633E+14,0,0,1,America/Los_Angeles,-7,ACTIVE,NONE,VAT information submitted,Snowflake,3.44633E+14,2024-05-11 01:32:29.258000-07:00,168,0
20.00200272,17208,7671,Bozeman,US,Snowflake Computing Inc.,MT,"106 East Babcock Street, Suite 3A",59715,TRUE,2022-01-20 12:59:50-08:00,USD,3.44633E+14,Snowflake,TRUE,TRUE,FALSE,FALSE,TRUE,0,FALSE,FALSE,10000,100,Snowflake Product Account,TRUE,3.44633E+14,0,0,1,America/Los_Angeles,-7,ACTIVE,NONE,VAT information submitted,Snowflake,3.44633E+14,2024-05-01 07:32:39.290000-07:00,172,0
10.66690216,13262,1325,Bozeman,US,Snowflake Computing Inc.,MT,"106 East Babcock Street, Suite 3A",59715,TRUE,2022-01-20 12:59:50-08:00,USD,3.44633E+14,Snowflake,TRUE,TRUE,FALSE,FALSE,TRUE,0,FALSE,FALSE,10000,100,Snowflake Product Account,TRUE,3.44633E+14,0,0,1,America/Los_Angeles,-7,ACTIVE,NONE,VAT information submitted,Snowflake,3.44633E+14,2024-05-03 13:32:40.193000-07:00,176,0
6.142689216,4630,16962,Bozeman,US,Snowflake Computing Inc.,MT,"106 East Babcock Street, Suite 3A",59715,TRUE,2022-01-20 12:59:50-08:00,USD,3.44633E+14,Snowflake,TRUE,TRUE,FALSE,FALSE,TRUE,0,FALSE,FALSE,10000,100,Snowflake Product Account,TRUE,3.44633E+14,0,0,1,America/Los_Angeles,-7,ACTIVE,NONE,VAT information submitted,Snowflake,3.44633E+14,2024-05-02 19:32:39.622000-07:00,191,0
20.00200272,0,3680,Bozeman,US,Snowflake Computing Inc.,MT,"106 East Babcock Street, Suite 3A",59715,TRUE,2022-01-20 12:59:50-08:00,USD,3.44633E+14,Snowflake,TRUE,TRUE,FALSE,FALSE,TRUE,0,FALSE,FALSE,10000,100,Snowflake Product Account,TRUE,3.44633E+14,0,0,1,America/Los_Angeles,-7,ACTIVE,NONE,VAT information submitted,Snowflake,3.44633E+14,2024-05-14 07:32:25.876000-07:00,202,0
13.84141089,17208,15592,Bozeman,US,Snowflake Computing Inc.,MT,"106 East Babcock Street, Suite 3A",59715,TRUE,2022-01-20 12:59:50-08:00,USD,3.44633E+14,Snowflake,TRUE,TRUE,FALSE,FALSE,TRUE,0,FALSE,FALSE,10000,100,Snowflake Product Account,TRUE,3.44633E+14,0,0,1,America/Los_Angeles,-7,ACTIVE,NONE,VAT information submitted,Snowflake,3.44633E+14,2024-05-11 19:32:36.229000-07:00,206,0
7.996308099,0,4185,Bozeman,US,Snowflake Computing Inc.,MT,"106 East Babcock Street, Suite 3A",59715,TRUE,2022-01-20 12:59:50-08:00,USD,3.44633E+14,Snowflake,TRUE,TRUE,FALSE,FALSE,TRUE,0,FALSE,FALSE,10000,100,Snowflake Product Account,TRUE,3.44633E+14,0,0,1,America/Los_Angeles,-7,ACTIVE,NONE,VAT information submitted,Snowflake,3.44633E+14,2024-05-10 13:32:46.749000-07:00,208,0
17.04879026,17208,16962,Bozeman,US,Snowflake Computing Inc.,MT,"106 East Babcock Street, Suite 3A",59715,TRUE,2022-01-20 12:59:50-08:00,USD,3.44633E+14,Snowflake,TRUE,TRUE,FALSE,FALSE,TRUE,0,FALSE,FALSE,10000,100,Snowflake Product Account,TRUE,3.44633E+14,0,0,1,America/Los_Angeles,-7,ACTIVE,NONE,VAT information submitted,Snowflake,3.44633E+14,2024-05-04 07:33:07.497000-07:00,211,0
6.580388522,6582,16962,Bozeman,US,Snowflake Computing Inc.,MT,"106 East Babcock Street, Suite 3A",59715,TRUE,2022-01-20 12:59:50-08:00,USD,3.44633E+14,Snowflake,TRUE,TRUE,FALSE,FALSE,TRUE,0,FALSE,FALSE,10000,100,Snowflake Product Account,TRUE,3.44633E+14,0,0,1,America/Los_Angeles,-7,ACTIVE,NONE,VAT information submitted,Snowflake,3.44633E+14,2024-05-03 01:32:41.729000-07:00,219,0
16.55174275,17208,16962,Bozeman,US,Snowflake Computing Inc.,MT,"106 East Babcock Street, Suite 3A",59715,TRUE,2022-01-20 12:59:50-08:00,USD,3.44633E+14,Snowflake,TRUE,TRUE,FALSE,FALSE,TRUE,0,FALSE,FALSE,10000,100,Snowflake Product Account,TRUE,3.44633E+14,0,0,1,America/Los_Angeles,-7,ACTIVE,NONE,VAT information submitted,Snowflake,3.44633E+14,2024-05-09 19:32:28.248000-07:00,225,0
0,3013,16962,Bozeman,US,Snowflake Computing Inc.,MT,"106 East Babcock Street, Suite 3A",59715,TRUE,2022-01-20 12:59:50-08:00,USD,3.44633E+14,Snowflake,TRUE,TRUE,FALSE,FALSE,TRUE,0,FALSE,FALSE,10000,100,Snowflake Product Account,TRUE,3.44633E+14,0,0,1,America/Los_Angeles,-7,ACTIVE,NONE,VAT information submitted,Snowflake,3.44633E+14,2024-05-09 07:32:41.595000-07:00,237,0
14.27727803,17208,16962,Bozeman,US,Snowflake Computing Inc.,MT,"106 East Babcock Street, Suite 3A",59715,TRUE,2022-01-20 12:59:50-08:00,USD,3.44633E+14,Snowflake,TRUE,TRUE,FALSE,FALSE,TRUE,0,FALSE,FALSE,10000,100,Snowflake Product Account,TRUE,3.44633E+14,0,0,1,America/Los_Angeles,-7,ACTIVE,NONE,VAT information submitted,Snowflake,3.44633E+14,2024-05-12 19:32:48.520000-07:00,239,0
13.95429651,12183,16962,Bozeman,US,Snowflake Computing Inc.,MT,"106 East Babcock Street, Suite 3A",59715,TRUE,2022-01-20 12:59:50-08:00,USD,3.44633E+14,Snowflake,TRUE,TRUE,FALSE,FALSE,TRUE,0,FALSE,FALSE,10000,100,Snowflake Product Account,TRUE,3.44633E+14,0,0,1,America/Los_Angeles,-7,ACTIVE,NONE,VAT information submitted,Snowflake,3.44633E+14,2024-05-08 13:35:48.261000-07:00,4,0
8.754550101,17208,16962,Bozeman,US,Snowflake Computing Inc.,MT,"106 East Babcock Street, Suite 3A",59715,TRUE,2022-01-20 12:59:50-08:00,USD,3.44633E+14,Snowflake,TRUE,TRUE,FALSE,FALSE,TRUE,0,FALSE,FALSE,10000,100,Snowflake Product Account,TRUE,3.44633E+14,0,0,1,America/Los_Angeles,-7,ACTIVE,NONE,VAT information submitted,Snowflake,3.44633E+14,2024-05-10 01:32:53.941000-07:00,6,0
6.195442395,17208,9747,Bozeman,US,Snowflake Computing Inc.,MT,"106 East Babcock Street, Suite 3A",59715,TRUE,2022-01-20 12:59:50-08:00,USD,3.44633E+14,Snowflake,TRUE,TRUE,FALSE,FALSE,TRUE,0,FALSE,FALSE,10000,100,Snowflake Product Account,TRUE,3.44633E+14,0,0,1,America/Los_Angeles,-7,ACTIVE,NONE,VAT information submitted,Snowflake,3.44633E+14,2024-05-03 13:32:40.193000-07:00,12,0
0,16964,8731,Bozeman,US,Snowflake Computing Inc.,MT,"106 East Babcock Street, Suite 3A",59715,TRUE,2022-01-20 12:59:50-08:00,USD,3.44633E+14,Snowflake,TRUE,TRUE,FALSE,FALSE,TRUE,0,FALSE,FALSE,10000,100,Snowflake Product Account,TRUE,3.44633E+14,0,0,1,America/Los_Angeles,-7,ACTIVE,NONE,VAT information submitted,Snowflake,3.44633E+14,2024-04-30 13:32:41.407000-07:00,14,0
20.00200272,5099,16962,Bozeman,US,Snowflake Computing Inc.,MT,"106 East Babcock Street, Suite 3A",59715,TRUE,2022-01-20 12:59:50-08:00,USD,3.44633E+14,Snowflake,TRUE,TRUE,FALSE,FALSE,TRUE,0,FALSE,FALSE,10000,100,Snowflake Product Account,TRUE,3.44633E+14,0,0,1,America/Los_Angeles,-7,ACTIVE,NONE,VAT information submitted,Snowflake,3.44633E+14,2024-05-12 19:32:48.520000-07:00,16,0
0.812748309,0,12328,Bozeman,US,Snowflake Computing Inc.,MT,"106 East Babcock Street, Suite 3A",59715,TRUE,2022-01-20 12:59:50-08:00,USD,3.44633E+14,Snowflake,TRUE,TRUE,FALSE,FALSE,TRUE,0,FALSE,FALSE,10000,100,Snowflake Product Account,TRUE,3.44633E+14,0,0,1,America/Los_Angeles,-7,ACTIVE,NONE,VAT information submitted,Snowflake,3.44633E+14,2024-05-12 01:32:30.925000-07:00,17,0
13.94427759,17208,16962,Bozeman,US,Snowflake Computing Inc.,MT,"106 East Babcock Street, Suite 3A",59715,TRUE,2022-01-20 12:59:50-08:00,USD,3.44633E+14,Snowflake,TRUE,TRUE,FALSE,FALSE,TRUE,0,FALSE,FALSE,10000,100,Snowflake Product Account,TRUE,3.44633E+14,0,0,1,America/Los_Angeles,-7,ACTIVE,NONE,VAT information submitted,Snowflake,3.44633E+14,2024-05-13 13:33:31.499000-07:00,26,0
6.353732777,11324,16962,Bozeman,US,Snowflake Computing Inc.,MT,"106 East Babcock Street, Suite 3A",59715,TRUE,2022-01-20 12:59:50-08:00,USD,3.44633E+14,Snowflake,TRUE,TRUE,FALSE,FALSE,TRUE,0,FALSE,FALSE,10000,100,Snowflake Product Account,TRUE,3.44633E+14,0,0,1,America/Los_Angeles,-7,ACTIVE,NONE,VAT information submitted,Snowflake,3.44633E+14,2024-05-11 07:33:03.332000-07:00,32,0
20.00200272,1994,13236,Bozeman,US,Snowflake Computing Inc.,MT,"106 East Babcock Street, Suite 3A",59715,TRUE,2022-01-20 12:59:50-08:00,USD,3.44633E+14,Snowflake,TRUE,TRUE,FALSE,FALSE,TRUE,0,FALSE,FALSE,10000,100,Snowflake Product Account,TRUE,3.44633E+14,0,0,1,America/Los_Angeles,-7,ACTIVE,NONE,VAT information submitted,Snowflake,3.44633E+14,2024-05-10 01:32:53.941000-07:00,35,0
8.692591185,12787,13781,Bozeman,US,Snowflake Computing Inc.,MT,"106 East Babcock Street, Suite 3A",59715,TRUE,2022-01-20 12:59:50-08:00,USD,3.44633E+14,Snowflake,TRUE,TRUE,FALSE,FALSE,TRUE,0,FALSE,FALSE,10000,100,Snowflake Product Account,TRUE,3.44633E+14,0,0,1,America/Los_Angeles,-7,ACTIVE,NONE,VAT information submitted,Snowflake,3.44633E+14,2024-05-03 19:33:10.671000-07:00,44,0
20.00200272,15463,16962,Bozeman,US,Snowflake Computing Inc.,MT,"106 East Babcock Street, Suite 3A",59715,TRUE,2022-01-20 12:59:50-08:00,USD,3.44633E+14,Snowflake,TRUE,TRUE,FALSE,FALSE,TRUE,0,FALSE,FALSE,10000,100,Snowflake Product Account,TRUE,3.44633E+14,0,0,1,America/Los_Angeles,-7,ACTIVE,NONE,VAT information submitted,Snowflake,3.44633E+14,2024-05-10 01:32:53.941000-07:00,47,0
8.572763874,17208,12654,Bozeman,US,Snowflake Computing Inc.,MT,"106 East Babcock Street, Suite 3A",59715,TRUE,2022-01-20 12:59:50-08:00,USD,3.44633E+14,Snowflake,TRUE,TRUE,FALSE,FALSE,TRUE,0,FALSE,FALSE,10000,100,Snowflake Product Account,TRUE,3.44633E+14,0,0,1,America/Los_Angeles,-7,ACTIVE,NONE,VAT information submitted,Snowflake,3.44633E+14,2024-05-08 19:32:29.672000-07:00,48,0
14.16341513,17208,16962,Bozeman,US,Snowflake Computing Inc.,MT,"106 East Babcock Street, Suite 3A",59715,TRUE,2022-01-20 12:59:50-08:00,USD,3.44633E+14,Snowflake,TRUE,TRUE,FALSE,FALSE,TRUE,0,FALSE,FALSE,10000,100,Snowflake Product Account,TRUE,3.44633E+14,0,0,1,America/Los_Angeles,-7,ACTIVE,NONE,VAT information submitted,Snowflake,3.44633E+14,2024-05-03 07:32:43.533000-07:00,57,0
7.45034063,17208,2982,Bozeman,US,Snowflake Computing Inc.,MT,"106 East Babcock Street, Suite 3A",59715,TRUE,2022-01-20 12:59:50-08:00,USD,3.44633E+14,Snowflake,TRUE,TRUE,FALSE,FALSE,TRUE,0,FALSE,FALSE,10000,100,Snowflake Product Account,TRUE,3.44633E+14,0,0,1,America/Los_Angeles,-7,ACTIVE,NONE,VAT information submitted,Snowflake,3.44633E+14,2024-05-01 07:32:39.290000-07:00,60,0
0,17208,16962,Bozeman,US,Snowflake Computing Inc.,MT,"106 East Babcock Street, Suite 3A",59715,TRUE,2022-01-20 12:59:50-08:00,USD,3.44633E+14,Snowflake,TRUE,TRUE,FALSE,FALSE,TRUE,0,FALSE,FALSE,10000,100,Snowflake Product Account,TRUE,3.44633E+14,0,0,1,America/Los_Angeles,-7,ACTIVE,NONE,VAT information submitted,Snowflake,3.44633E+14,2024-05-11 19:32:36.229000-07:00,70,0
15.74229109,15467,13197,Bozeman,US,Snowflake Computing Inc.,MT,"106 East Babcock Street, Suite 3A",59715,TRUE,2022-01-20 12:59:50-08:00,USD,3.44633E+14,Snowflake,TRUE,TRUE,FALSE,FALSE,TRUE,0,FALSE,FALSE,10000,100,Snowflake Product Account,TRUE,3.44633E+14,0,0,1,America/Los_Angeles,-7,ACTIVE,NONE,VAT information submitted,Snowflake,3.44633E+14,2024-05-02 01:32:50.732000-07:00,89,0
4.517463636,17208,11258,Bozeman,US,Snowflake Computing Inc.,MT,"106 East Babcock Street, Suite 3A",59715,TRUE,2022-01-20 12:59:50-08:00,USD,3.44633E+14,Snowflake,TRUE,TRUE,FALSE,FALSE,TRUE,0,FALSE,FALSE,10000,100,Snowflake Product Account,TRUE,3.44633E+14,0,0,1,America/Los_Angeles,-7,ACTIVE,NONE,VAT information submitted,Snowflake,3.44633E+14,2024-05-02 19:32:39.622000-07:00,90,0
6.864833552,17208,14408,Bozeman,US,Snowflake Computing Inc.,MT,"106 East Babcock Street, Suite 3A",59715,TRUE,2022-01-20 12:59:50-08:00,USD,3.44633E+14,Snowflake,TRUE,TRUE,FALSE,FALSE,TRUE,0,FALSE,FALSE,10000,100,Snowflake Product Account,TRUE,3.44633E+14,0,0,1,America/Los_Angeles,-7,ACTIVE,NONE,VAT information submitted,Snowflake,3.44633E+14,2024-05-04 13:32:29.992000-07:00,96,0
20.00200272,14930,16962,Bozeman,US,Snowflake Computing Inc.,MT,"106 East Babcock Street, Suite 3A",59715,TRUE,2022-01-20 12:59:50-08:00,USD,3.44633E+14,Snowflake,TRUE,TRUE,FALSE,FALSE,TRUE,0,FALSE,FALSE,10000,100,Snowflake Product Account,TRUE,3.44633E+14,0,0,1,America/Los_Angeles,-7,ACTIVE,NONE,VAT information submitted,Snowflake,3.44633E+14,2024-05-10 07:33:30.872000-07:00,97,0
0,17208,16962,Bozeman,US,Snowflake Computing Inc.,MT,"106 East Babcock Street, Suite 3A",59715,TRUE,2022-01-20 12:59:50-08:00,USD,3.44633E+14,Snowflake,TRUE,TRUE,FALSE,FALSE,TRUE,0,FALSE,FALSE,10000,100,Snowflake Product Account,TRUE,3.44633E+14,0,0,1,America/Los_Angeles,-7,ACTIVE,NONE,VAT information submitted,Snowflake,3.44633E+14,2024-05-03 19:33:10.671000-07:00,99,0
9.185035431,7049,16962,Bozeman,US,Snowflake Computing Inc.,MT,"106 East Babcock Street, Suite 3A",59715,TRUE,2022-01-20 12:59:50-08:00,USD,3.44633E+14,Snowflake,TRUE,TRUE,FALSE,FALSE,TRUE,0,FALSE,FALSE,10000,100,Snowflake Product Account,TRUE,3.44633E+14,0,0,1,America/Los_Angeles,-7,ACTIVE,NONE,VAT information submitted,Snowflake,3.44633E+14,2024-05-03 01:32:41.729000-07:00,104,0
19.98997402,7567,4551,Bozeman,US,Snowflake Computing Inc.,MT,"106 East Babcock Street, Suite 3A",59715,TRUE,2022-01-20 12:59:50-08:00,USD,3.44633E+14,Snowflake,TRUE,TRUE,FALSE,FALSE,TRUE,0,FALSE,FALSE,10000,100,Snowflake Product Account,TRUE,3.44633E+14,0,0,1,America/Los_Angeles,-7,ACTIVE,NONE,VAT information submitted,Snowflake,3.44633E+14,2024-05-11 07:33:03.332000-07:00,105,0
8.966988134,17208,16962,Bozeman,US,Snowflake Computing Inc.,MT,"106 East Babcock Street, Suite 3A",59715,TRUE,2022-01-20 12:59:50-08:00,USD,3.44633E+14,Snowflake,TRUE,TRUE,FALSE,FALSE,TRUE,0,FALSE,FALSE,10000,100,Snowflake Product Account,TRUE,3.44633E+14,0,0,1,America/Los_Angeles,-7,ACTIVE,NONE,VAT information submitted,Snowflake,3.44633E+14,2024-05-10 01:32:53.941000-07:00,123,0
20.00200272,7676,2406,Bozeman,US,Snowflake Computing Inc.,MT,"106 East Babcock Street, Suite 3A",59715,TRUE,2022-01-20 12:59:50-08:00,USD,3.44633E+14,Snowflake,TRUE,TRUE,FALSE,FALSE,TRUE,0,FALSE,FALSE,10000,100,Snowflake Product Account,TRUE,3.44633E+14,0,0,1,America/Los_Angeles,-7,ACTIVE,NONE,VAT information submitted,Snowflake,3.44633E+14,2024-05-04 19:32:46.146000-07:00,125,0
8.15553653,6942,16962,Bozeman,US,Snowflake Computing Inc.,MT,"106 East Babcock Street, Suite 3A",59715,TRUE,2022-01-20 12:59:50-08:00,USD,3.44633E+14,Snowflake,TRUE,TRUE,FALSE,FALSE,TRUE,0,FALSE,FALSE,10000,100,Snowflake Product Account,TRUE,3.44633E+14,0,0,1,America/Los_Angeles,-7,ACTIVE,NONE,VAT information submitted,Snowflake,3.44633E+14,2024-05-10 01:32:53.941000-07:00,126,0
0,7025,16962,Bozeman,US,Snowflake Computing Inc.,MT,"106 East Babcock Street, Suite 3A",59715,TRUE,2022-01-20 12:59:50-08:00,USD,3.44633E+14,Snowflake,TRUE,TRUE,FALSE,FALSE,TRUE,0,FALSE,FALSE,10000,100,Snowflake Product Account,TRUE,3.44633E+14,0,0,1,America/Los_Angeles,-7,ACTIVE,NONE,VAT information submitted,Snowflake,3.44633E+14,2024-05-08 19:32:29.672000-07:00,137,0
7.322885889,17208,16962,Bozeman,US,Snowflake Computing Inc.,MT,"106 East Babcock Street, Suite 3A",59715,TRUE,2022-01-20 12:59:50-08:00,USD,3.44633E+14,Snowflake,TRUE,TRUE,FALSE,FALSE,TRUE,0,FALSE,FALSE,10000,100,Snowflake Product Account,TRUE,3.44633E+14,0,0,1,America/Los_Angeles,-7,ACTIVE,NONE,VAT information submitted,Snowflake,3.44633E+14,2024-05-04 19:32:46.146000-07:00,140,0
9.503547204,8828,5834,Bozeman,US,Snowflake Computing Inc.,MT,"106 East Babcock Street, Suite 3A",59715,TRUE,2022-01-20 12:59:50-08:00,USD,3.44633E+14,Snowflake,TRUE,TRUE,FALSE,FALSE,TRUE,0,FALSE,FALSE,10000,100,Snowflake Product Account,TRUE,3.44633E+14,0,0,1,America/Los_Angeles,-7,ACTIVE,NONE,VAT information submitted,Snowflake,3.44633E+14,2024-05-14 01:32:53.652000-07:00,141,0
6.251064808,17208,13316,Bozeman,US,Snowflake Computing Inc.,MT,"106 East Babcock Street, Suite 3A",59715,TRUE,2022-01-20 12:59:50-08:00,USD,3.44633E+14,Snowflake,TRUE,TRUE,FALSE,FALSE,TRUE,0,FALSE,FALSE,10000,100,Snowflake Product Account,TRUE,3.44633E+14,0,0,1,America/Los_Angeles,-7,ACTIVE,NONE,VAT information submitted,Snowflake,3.44633E+14,2024-05-14 07:32:25.876000-07:00,143,0
7.886862465,12134,13297,Bozeman,US,Snowflake Computing Inc.,MT,"106 East Babcock Street, Suite 3A",59715,TRUE,2022-01-20 12:59:50-08:00,USD,3.44633E+14,Snowflake,TRUE,TRUE,FALSE,FALSE,TRUE,0,FALSE,FALSE,10000,100,Snowflake Product Account,TRUE,3.44633E+14,0,0,1,America/Los_Angeles,-7,ACTIVE,NONE,VAT information submitted,Snowflake,3.44633E+14,2024-05-11 01:32:29.258000-07:00,146,0
4.050375053,3466,16962,Bozeman,US,Snowflake Computing Inc.,MT,"106 East Babcock Street, Suite 3A",59715,TRUE,2022-01-20 12:59:50-08:00,USD,3.44633E+14,Snowflake,TRUE,TRUE,FALSE,FALSE,TRUE,0,FALSE,FALSE,10000,100,Snowflake Product Account,TRUE,3.44633E+14,0,0,1,America/Los_Angeles,-7,ACTIVE,NONE,VAT information submitted,Snowflake,3.44633E+14,2024-05-13 19:32:39.153000-07:00,149,0
14.2814939,4597,12088,Bozeman,US,Snowflake Computing Inc.,MT,"106 East Babcock Street, Suite 3A",59715,TRUE,2022-01-20 12:59:50-08:00,USD,3.44633E+14,Snowflake,TRUE,TRUE,FALSE,FALSE,TRUE,0,FALSE,FALSE,10000,100,Snowflake Product Account,TRUE,3.44633E+14,0,0,1,America/Los_Angeles,-7,ACTIVE,NONE,VAT information submitted,Snowflake,3.44633E+14,2024-05-08 07:32:36.696000-07:00,154,0
19.9708806,0,13987,Bozeman,US,Snowflake Computing Inc.,MT,"106 East Babcock Street, Suite 3A",59715,TRUE,2022-01-20 12:59:50-08:00,USD,3.44633E+14,Snowflake,TRUE,TRUE,FALSE,FALSE,TRUE,0,FALSE,FALSE,10000,100,Snowflake Product Account,TRUE,3.44633E+14,0,0,1,America/Los_Angeles,-7,ACTIVE,NONE,VAT information submitted,Snowflake,3.44633E+14,2024-05-13 01:32:40.803000-07:00,155,0
12.56995358,17208,2067,Bozeman,US,Snowflake Computing Inc.,MT,"106 East Babcock Street, Suite 3A",59715,TRUE,2022-01-20 12:59:50-08:00,USD,3.44633E+14,Snowflake,TRUE,TRUE,FALSE,FALSE,TRUE,0,FALSE,FALSE,10000,100,Snowflake Product Account,TRUE,3.44633E+14,0,0,1,America/Los_Angeles,-7,ACTIVE,NONE,VAT information submitted,Snowflake,3.44633E+14,2024-05-13 19:32:39.153000-07:00,169,0
6.267815555,2874,14318,Bozeman,US,Snowflake Computing Inc.,MT,"106 East Babcock Street, Suite 3A",59715,TRUE,2022-01-20 12:59:50-08:00,USD,3.44633E+14,Snowflake,TRUE,TRUE,FALSE,FALSE,TRUE,0,FALSE,FALSE,10000,100,Snowflake Product Account,TRUE,3.44633E+14,0,0,1,America/Los_Angeles,-7,ACTIVE,NONE,VAT information submitted,Snowflake,3.44633E+14,2024-05-14 13:32:40.790000-07:00,174,0
6.172286079,5292,16962,Bozeman,US,Snowflake Computing Inc.,MT,"106 East Babcock Street, Suite 3A",59715,TRUE,2022-01-20 12:59:50-08:00,USD,3.44633E+14,Snowflake,TRUE,TRUE,FALSE,FALSE,TRUE,0,FALSE,FALSE,10000,100,Snowflake Product Account,TRUE,3.44633E+14,0,0,1,America/Los_Angeles,-7,ACTIVE,NONE,VAT information submitted,Snowflake,3.44633E+14,2024-05-13 13:33:31.499000-07:00,178,0
11.60405417,6434,16962,Bozeman,US,Snowflake Computing Inc.,MT,"106 East Babcock Street, Suite 3A",59715,TRUE,2022-01-20 12:59:50-08:00,USD,3.44633E+14,Snowflake,TRUE,TRUE,FALSE,FALSE,TRUE,0,FALSE,FALSE,10000,100,Snowflake Product Account,TRUE,3.44633E+14,0,0,1,America/Los_Angeles,-7,ACTIVE,NONE,VAT information submitted,Snowflake,3.44633E+14,2024-05-14 07:32:25.876000-07:00,188,0
8.9004622,17208,0,Bozeman,US,Snowflake Computing Inc.,MT,"106 East Babcock Street, Suite 3A",59715,TRUE,2022-01-20 12:59:50-08:00,USD,3.44633E+14,Snowflake,TRUE,TRUE,FALSE,FALSE,TRUE,0,FALSE,FALSE,10000,100,Snowflake Product Account,TRUE,3.44633E+14,0,0,1,America/Los_Angeles,-7,ACTIVE,NONE,VAT information submitted,Snowflake,3.44633E+14,2024-05-09 07:32:41.595000-07:00,196,0
6.416955205,15849,16962,Bozeman,US,Snowflake Computing Inc.,MT,"106 East Babcock Street, Suite 3A",59715,TRUE,2022-01-20 12:59:50-08:00,USD,3.44633E+14,Snowflake,TRUE,TRUE,FALSE,FALSE,TRUE,0,FALSE,FALSE,10000,100,Snowflake Product Account,TRUE,3.44633E+14,0,0,1,America/Los_Angeles,-7,ACTIVE,NONE,VAT information submitted,Snowflake,3.44633E+14,2024-05-04 01:32:40.852000-07:00,197,0
10.45073041,17208,4361,Bozeman,US,Snowflake Computing Inc.,MT,"106 East Babcock Street, Suite 3A",59715,TRUE,2022-01-20 12:59:50-08:00,USD,3.44633E+14,Snowflake,TRUE,TRUE,FALSE,FALSE,TRUE,0,FALSE,FALSE,10000,100,Snowflake Product Account,TRUE,3.44633E+14,0,0,1,America/Los_Angeles,-7,ACTIVE,NONE,VAT information submitted,Snowflake,3.44633E+14,2024-04-30 13:32:41.407000-07:00,199,0
14.10608958,12565,11294,Bozeman,US,Snowflake Computing Inc.,MT,"106 East Babcock Street, Suite 3A",59715,TRUE,2022-01-20 12:59:50-08:00,USD,3.44633E+14,Snowflake,TRUE,TRUE,FALSE,FALSE,TRUE,0,FALSE,FALSE,10000,100,Snowflake Product Account,TRUE,3.44633E+14,0,0,1,America/Los_Angeles,-7,ACTIVE,NONE,VAT information submitted,Snowflake,3.44633E+14,2024-05-10 19:33:04.179000-07:00,200,0
14.2436424,0,4593,Bozeman,US,Snowflake Computing Inc.,MT,"106 East Babcock Street, Suite 3A",59715,TRUE,2022-01-20 12:59:50-08:00,USD,3.44633E+14,Snowflake,TRUE,TRUE,FALSE,FALSE,TRUE,0,FALSE,FALSE,10000,100,Snowflake Product Account,TRUE,3.44633E+14,0,0,1,America/Los_Angeles,-7,ACTIVE,NONE,VAT information submitted,Snowflake,3.44633E+14,2024-05-04 01:32:40.852000-07:00,203,0
10.8309877,14846,16962,Bozeman,US,Snowflake Computing Inc.,MT,"106 East Babcock Street, Suite 3A",59715,TRUE,2022-01-20 12:59:50-08:00,USD,3.44633E+14,Snowflake,TRUE,TRUE,FALSE,FALSE,TRUE,0,FALSE,FALSE,10000,100,Snowflake Product Account,TRUE,3.44633E+14,0,0,1,America/Los_Angeles,-7,ACTIVE,NONE,VAT information submitted,Snowflake,3.44633E+14,2024-05-02 19:32:39.622000-07:00,213,0
2.133793165,17208,12436,Bozeman,US,Snowflake Computing Inc.,MT,"106 East Babcock Street, Suite 3A",59715,TRUE,2022-01-20 12:59:50-08:00,USD,3.44633E+14,Snowflake,TRUE,TRUE,FALSE,FALSE,TRUE,0,FALSE,FALSE,10000,100,Snowflake Product Account,TRUE,3.44633E+14,0,0,1,America/Los_Angeles,-7,ACTIVE,NONE,VAT information submitted,Snowflake,3.44633E+14,2024-05-02 13:32:25.003000-07:00,222,0
13.88052677,0,9576,Bozeman,US,Snowflake Computing Inc.,MT,"106 East Babcock Street, Suite 3A",59715,TRUE,2022-01-20 12:59:50-08:00,USD,3.44633E+14,Snowflake,TRUE,TRUE,FALSE,FALSE,TRUE,0,FALSE,FALSE,10000,100,Snowflake Product Account,TRUE,3.44633E+14,0,0,1,America/Los_Angeles,-7,ACTIVE,NONE,VAT information submitted,Snowflake,3.44633E+14,2024-05-14 07:32:25.876000-07:00,224,0
14.3132311,8707,9296,Bozeman,US,Snowflake Computing Inc.,MT,"106 East Babcock Street, Suite 3A",59715,TRUE,2022-01-20 12:59:50-08:00,USD,3.44633E+14,Snowflake,TRUE,TRUE,FALSE,FALSE,TRUE,0,FALSE,FALSE,10000,100,Snowflake Product Account,TRUE,3.44633E+14,0,0,1,America/Los_Angeles,-7,ACTIVE,NONE,VAT information submitted,Snowflake,3.44633E+14,2024-05-10 07:33:30.872000-07:00,231,0
8.29714404,5725,13313,Bozeman,US,Snowflake Computing Inc.,MT,"106 East Babcock Street, Suite 3A",59715,TRUE,2022-01-20 12:59:50-08:00,USD,3.44633E+14,Snowflake,TRUE,TRUE,FALSE,FALSE,TRUE,0,FALSE,FALSE,10000,100,Snowflake Product Account,TRUE,3.44633E+14,0,0,1,America/Los_Angeles,-7,ACTIVE,NONE,VAT information submitted,Snowflake,3.44633E+14,2024-04-30 13:32:41.407000-07:00,235,0
14.17082097,0,16549,Bozeman,US,Snowflake Computing Inc.,MT,"106 East Babcock Street, Suite 3A",59715,TRUE,2022-01-20 12:59:50-08:00,USD,3.44633E+14,Snowflake,TRUE,TRUE,FALSE,FALSE,TRUE,0,FALSE,FALSE,10000,100,Snowflake Product Account,TRUE,3.44633E+14,0,0,1,America/Los_Angeles,-7,ACTIVE,NONE,VAT information submitted,Snowflake,3.44633E+14,2024-05-13 01:32:40.803000-07:00,238,0
14.28321227,2155,16962,Bozeman,US,Snowflake Computing Inc.,MT,"106 East Babcock Street, Suite 3A",59715,TRUE,2022-01-20 12:59:50-08:00,USD,3.44633E+14,Snowflake,TRUE,TRUE,FALSE,FALSE,TRUE,0,FALSE,FALSE,10000,100,Snowflake Product Account,TRUE,3.44633E+14,0,0,1,America/Los_Angeles,-7,ACTIVE,NONE,VAT information submitted,Snowflake,3.44633E+14,2024-05-13 19:32:39.153000-07:00,3,0
15.28733978,12575,11886,Bozeman,US,Snowflake Computing Inc.,MT,"106 East Babcock Street, Suite 3A",59715,TRUE,2022-01-20 12:59:50-08:00,USD,3.44633E+14,Snowflake,TRUE,TRUE,FALSE,FALSE,TRUE,0,FALSE,FALSE,10000,100,Snowflake Product Account,TRUE,3.44633E+14,0,0,1,America/Los_Angeles,-7,ACTIVE,NONE,VAT information submitted,Snowflake,3.44633E+14,2024-05-08 07:32:36.696000-07:00,5,0
18.23598073,17208,9761,Bozeman,US,Snowflake Computing Inc.,MT,"106 East Babcock Street, Suite 3A",59715,TRUE,2022-01-20 12:59:50-08:00,USD,3.44633E+14,Snowflake,TRUE,TRUE,FALSE,FALSE,TRUE,0,FALSE,FALSE,10000,100,Snowflake Product Account,TRUE,3.44633E+14,0,0,1,America/Los_Angeles,-7,ACTIVE,NONE,VAT information submitted,Snowflake,3.44633E+14,2024-05-02 15:51:12.202000-07:00,9,0
19.30206221,3898,16962,Bozeman,US,Snowflake Computing Inc.,MT,"106 East Babcock Street, Suite 3A",59715,TRUE,2022-01-20 12:59:50-08:00,USD,3.44633E+14,Snowflake,TRUE,TRUE,FALSE,FALSE,TRUE,0,FALSE,FALSE,10000,100,Snowflake Product Account,TRUE,3.44633E+14,0,0,1,America/Los_Angeles,-7,ACTIVE,NONE,VAT information submitted,Snowflake,3.44633E+14,2024-05-10 13:32:46.749000-07:00,20,0
8.844414061,12077,0,Bozeman,US,Snowflake Computing Inc.,MT,"106 East Babcock Street, Suite 3A",59715,TRUE,2022-01-20 12:59:50-08:00,USD,3.44633E+14,Snowflake,TRUE,TRUE,FALSE,FALSE,TRUE,0,FALSE,FALSE,10000,100,Snowflake Product Account,TRUE,3.44633E+14,0,0,1,America/Los_Angeles,-7,ACTIVE,NONE,VAT information submitted,Snowflake,3.44633E+14,2024-04-30 13:32:41.407000-07:00,29,0
1.164554041,7439,7364,Bozeman,US,Snowflake Computing Inc.,MT,"106 East Babcock Street, Suite 3A",59715,TRUE,2022-01-20 12:59:50-08:00,USD,3.44633E+14,Snowflake,TRUE,TRUE,FALSE,FALSE,TRUE,0,FALSE,FALSE,10000,100,Snowflake Product Account,TRUE,3.44633E+14,0,0,1,America/Los_Angeles,-7,ACTIVE,NONE,VAT information submitted,Snowflake,3.44633E+14,2024-05-13 07:32:43.248000-07:00,30,0
14.12398506,0,0,Bozeman,US,Snowflake Computing Inc.,MT,"106 East Babcock Street, Suite 3A",59715,TRUE,2022-01-20 12:59:50-08:00,USD,3.44633E+14,Snowflake,TRUE,TRUE,FALSE,FALSE,TRUE,0,FALSE,FALSE,10000,100,Snowflake Product Account,TRUE,3.44633E+14,0,0,1,America/Los_Angeles,-7,ACTIVE,NONE,VAT information submitted,Snowflake,3.44633E+14,2024-05-04 07:33:07.497000-07:00,39,0
14.66390473,17208,15900,Bozeman,US,Snowflake Computing Inc.,MT,"106 East Babcock Street, Suite 3A",59715,TRUE,2022-01-20 12:59:50-08:00,USD,3.44633E+14,Snowflake,TRUE,TRUE,FALSE,FALSE,TRUE,0,FALSE,FALSE,10000,100,Snowflake Product Account,TRUE,3.44633E+14,0,0,1,America/Los_Angeles,-7,ACTIVE,NONE,VAT information submitted,Snowflake,3.44633E+14,2024-05-10 01:32:53.941000-07:00,41,0
10.25414408,2802,16962,Bozeman,US,Snowflake Computing Inc.,MT,"106 East Babcock Street, Suite 3A",59715,TRUE,2022-01-20 12:59:50-08:00,USD,3.44633E+14,Snowflake,TRUE,TRUE,FALSE,FALSE,TRUE,0,FALSE,FALSE,10000,100,Snowflake Product Account,TRUE,3.44633E+14,0,0,1,America/Los_Angeles,-7,ACTIVE,NONE,VAT information submitted,Snowflake,3.44633E+14,2024-05-02 13:32:25.003000-07:00,42,0
13.17901584,3469,0,Bozeman,US,Snowflake Computing Inc.,MT,"106 East Babcock Street, Suite 3A",59715,TRUE,2022-01-20 12:59:50-08:00,USD,3.44633E+14,Snowflake,TRUE,TRUE,FALSE,FALSE,TRUE,0,FALSE,FALSE,10000,100,Snowflake Product Account,TRUE,3.44633E+14,0,0,1,America/Los_Angeles,-7,ACTIVE,NONE,VAT information submitted,Snowflake,3.44633E+14,2024-05-01 07:32:39.290000-07:00,53,0
20.00200272,17208,13334,Bozeman,US,Snowflake Computing Inc.,MT,"106 East Babcock Street, Suite 3A",59715,TRUE,2022-01-20 12:59:50-08:00,USD,3.44633E+14,Snowflake,TRUE,TRUE,FALSE,FALSE,TRUE,0,FALSE,FALSE,10000,100,Snowflake Product Account,TRUE,3.44633E+14,0,0,1,America/Los_Angeles,-7,ACTIVE,NONE,VAT information submitted,Snowflake,3.44633E+14,2024-05-04 01:32:40.852000-07:00,54,0
11.39143483,3211,16962,Bozeman,US,Snowflake Computing Inc.,MT,"106 East Babcock Street, Suite 3A",59715,TRUE,2022-01-20 12:59:50-08:00,USD,3.44633E+14,Snowflake,TRUE,TRUE,FALSE,FALSE,TRUE,0,FALSE,FALSE,10000,100,Snowflake Product Account,TRUE,3.44633E+14,0,0,1,America/Los_Angeles,-7,ACTIVE,NONE,VAT information submitted,Snowflake,3.44633E+14,2024-05-11 13:32:24.793000-07:00,69,0
10.11177699,17208,11011,Bozeman,US,Snowflake Computing Inc.,MT,"106 East Babcock Street, Suite 3A",59715,TRUE,2022-01-20 12:59:50-08:00,USD,3.44633E+14,Snowflake,TRUE,TRUE,FALSE,FALSE,TRUE,0,FALSE,FALSE,10000,100,Snowflake Product Account,TRUE,3.44633E+14,0,0,1,America/Los_Angeles,-7,ACTIVE,NONE,VAT information submitted,Snowflake,3.44633E+14,2024-05-11 01:32:29.258000-07:00,71,0
0,13796,9924,Bozeman,US,Snowflake Computing Inc.,MT,"106 East Babcock Street, Suite 3A",59715,TRUE,2022-01-20 12:59:50-08:00,USD,3.44633E+14,Snowflake,TRUE,TRUE,FALSE,FALSE,TRUE,0,FALSE,FALSE,10000,100,Snowflake Product Account,TRUE,3.44633E+14,0,0,1,America/Los_Angeles,-7,ACTIVE,NONE,VAT information submitted,Snowflake,3.44633E+14,2024-05-13 13:33:31.499000-07:00,74,0
6.068251944,17208,16962,Bozeman,US,Snowflake Computing Inc.,MT,"106 East Babcock Street, Suite 3A",59715,TRUE,2022-01-20 12:59:50-08:00,USD,3.44633E+14,Snowflake,TRUE,TRUE,FALSE,FALSE,TRUE,0,FALSE,FALSE,10000,100,Snowflake Product Account,TRUE,3.44633E+14,0,0,1,America/Los_Angeles,-7,ACTIVE,NONE,VAT information submitted,Snowflake,3.44633E+14,2024-05-02 07:33:01.750000-07:00,84,0
7.957693182,14897,16962,Bozeman,US,Snowflake Computing Inc.,MT,"106 East Babcock Street, Suite 3A",59715,TRUE,2022-01-20 12:59:50-08:00,USD,3.44633E+14,Snowflake,TRUE,TRUE,FALSE,FALSE,TRUE,0,FALSE,FALSE,10000,100,Snowflake Product Account,TRUE,3.44633E+14,0,0,1,America/Los_Angeles,-7,ACTIVE,NONE,VAT information submitted,Snowflake,3.44633E+14,2024-05-09 01:32:16.477000-07:00,86,0
10.4000109,2046,16962,Bozeman,US,Snowflake Computing Inc.,MT,"106 East Babcock Street, Suite 3A",59715,TRUE,2022-01-20 12:59:50-08:00,USD,3.44633E+14,Snowflake,TRUE,TRUE,FALSE,FALSE,TRUE,0,FALSE,FALSE,10000,100,Snowflake Product Account,TRUE,3.44633E+14,0,0,1,America/Los_Angeles,-7,ACTIVE,NONE,VAT information submitted,Snowflake,3.44633E+14,2024-05-11 07:33:03.332000-07:00,92,0
5.574148222,17208,16962,Bozeman,US,Snowflake Computing Inc.,MT,"106 East Babcock Street, Suite 3A",59715,TRUE,2022-01-20 12:59:50-08:00,USD,3.44633E+14,Snowflake,TRUE,TRUE,FALSE,FALSE,TRUE,0,FALSE,FALSE,10000,100,Snowflake Product Account,TRUE,3.44633E+14,0,0,1,America/Los_Angeles,-7,ACTIVE,NONE,VAT information submitted,Snowflake,3.44633E+14,2024-05-10 19:33:04.179000-07:00,101,0
6.846303071,17208,16962,Bozeman,US,Snowflake Computing Inc.,MT,"106 East Babcock Street, Suite 3A",59715,TRUE,2022-01-20 12:59:50-08:00,USD,3.44633E+14,Snowflake,TRUE,TRUE,FALSE,FALSE,TRUE,0,FALSE,FALSE,10000,100,Snowflake Product Account,TRUE,3.44633E+14,0,0,1,America/Los_Angeles,-7,ACTIVE,NONE,VAT information submitted,Snowflake,3.44633E+14,2024-05-12 19:32:48.520000-07:00,102,0
0,6117,3595,Bozeman,US,Snowflake Computing Inc.,MT,"106 East Babcock Street, Suite 3A",59715,TRUE,2022-01-20 12:59:50-08:00,USD,3.44633E+14,Snowflake,TRUE,TRUE,FALSE,FALSE,TRUE,0,FALSE,FALSE,10000,100,Snowflake Product Account,TRUE,3.44633E+14,0,0,1,America/Los_Angeles,-7,ACTIVE,NONE,VAT information submitted,Snowflake,3.44633E+14,2024-05-02 01:32:50.732000-07:00,107,0
9.372197926,7745,16962,Bozeman,US,Snowflake Computing Inc.,MT,"106 East Babcock Street, Suite 3A",59715,TRUE,2022-01-20 12:59:50-08:00,USD,3.44633E+14,Snowflake,TRUE,TRUE,FALSE,FALSE,TRUE,0,FALSE,FALSE,10000,100,Snowflake Product Account,TRUE,3.44633E+14,0,0,1,America/Los_Angeles,-7,ACTIVE,NONE,VAT information submitted,Snowflake,3.44633E+14,2024-05-02 19:32:39.622000-07:00,108,0
20.00200272,17208,0,Bozeman,US,Snowflake Computing Inc.,MT,"106 East Babcock Street, Suite 3A",59715,TRUE,2022-01-20 12:59:50-08:00,USD,3.44633E+14,Snowflake,TRUE,TRUE,FALSE,FALSE,TRUE,0,FALSE,FALSE,10000,100,Snowflake Product Account,TRUE,3.44633E+14,0,0,1,America/Los_Angeles,-7,ACTIVE,NONE,VAT information submitted,Snowflake,3.44633E+14,2024-05-03 19:33:10.671000-07:00,110,0
8.359991323,2540,16962,Bozeman,US,Snowflake Computing Inc.,MT,"106 East Babcock Street, Suite 3A",59715,TRUE,2022-01-20 12:59:50-08:00,USD,3.44633E+14,Snowflake,TRUE,TRUE,FALSE,FALSE,TRUE,0,FALSE,FALSE,10000,100,Snowflake Product Account,TRUE,3.44633E+14,0,0,1,America/Los_Angeles,-7,ACTIVE,NONE,VAT information submitted,Snowflake,3.44633E+14,2024-05-02 07:33:01.750000-07:00,112,0
0,3274,16962,Bozeman,US,Snowflake Computing Inc.,MT,"106 East Babcock Street, Suite 3A",59715,TRUE,2022-01-20 12:59:50-08:00,USD,3.44633E+14,Snowflake,TRUE,TRUE,FALSE,FALSE,TRUE,0,FALSE,FALSE,10000,100,Snowflake Product Account,TRUE,3.44633E+14,0,0,1,America/Los_Angeles,-7,ACTIVE,NONE,VAT information submitted,Snowflake,3.44633E+14,2024-05-10 01:32:53.941000-07:00,121,0
13.51484002,13755,16962,Bozeman,US,Snowflake Computing Inc.,MT,"106 East Babcock Street, Suite 3A",59715,TRUE,2022-01-20 12:59:50-08:00,USD,3.44633E+14,Snowflake,TRUE,TRUE,FALSE,FALSE,TRUE,0,FALSE,FALSE,10000,100,Snowflake Product Account,TRUE,3.44633E+14,0,0,1,America/Los_Angeles,-7,ACTIVE,NONE,VAT information submitted,Snowflake,3.44633E+14,2024-05-03 13:32:40.193000-07:00,129,0
18.3499059,17208,11596,Bozeman,US,Snowflake Computing Inc.,MT,"106 East Babcock Street, Suite 3A",59715,TRUE,2022-01-20 12:59:50-08:00,USD,3.44633E+14,Snowflake,TRUE,TRUE,FALSE,FALSE,TRUE,0,FALSE,FALSE,10000,100,Snowflake Product Account,TRUE,3.44633E+14,0,0,1,America/Los_Angeles,-7,ACTIVE,NONE,VAT information submitted,Snowflake,3.44633E+14,2024-05-16 13:24:50.952000-07:00,133,0
8.269043062,7403,16962,Bozeman,US,Snowflake Computing Inc.,MT,"106 East Babcock Street, Suite 3A",59715,TRUE,2022-01-20 12:59:50-08:00,USD,3.44633E+14,Snowflake,TRUE,TRUE,FALSE,FALSE,TRUE,0,FALSE,FALSE,10000,100,Snowflake Product Account,TRUE,3.44633E+14,0,0,1,America/Los_Angeles,-7,ACTIVE,NONE,VAT information submitted,Snowflake,3.44633E+14,2024-05-01 07:32:39.290000-07:00,135,0
20.00200272,10996,15817,Bozeman,US,Snowflake Computing Inc.,MT,"106 East Babcock Street, Suite 3A",59715,TRUE,2022-01-20 12:59:50-08:00,USD,3.44633E+14,Snowflake,TRUE,TRUE,FALSE,FALSE,TRUE,0,FALSE,FALSE,10000,100,Snowflake Product Account,TRUE,3.44633E+14,0,0,1,America/Los_Angeles,-7,ACTIVE,NONE,VAT information submitted,Snowflake,3.44633E+14,2024-04-30 19:32:30.497000-07:00,145,0
6.445556897,17208,16962,Bozeman,US,Snowflake Computing Inc.,MT,"106 East Babcock Street, Suite 3A",59715,TRUE,2022-01-20 12:59:50-08:00,USD,3.44633E+14,Snowflake,TRUE,TRUE,FALSE,FALSE,TRUE,0,FALSE,FALSE,10000,100,Snowflake Product Account,TRUE,3.44633E+14,0,0,1,America/Los_Angeles,-7,ACTIVE,NONE,VAT information submitted,Snowflake,3.44633E+14,2024-05-02 13:32:25.003000-07:00,153,0
1.11932278,17208,16962,Bozeman,US,Snowflake Computing Inc.,MT,"106 East Babcock Street, Suite 3A",59715,TRUE,2022-01-20 12:59:50-08:00,USD,3.44633E+14,Snowflake,TRUE,TRUE,FALSE,FALSE,TRUE,0,FALSE,FALSE,10000,100,Snowflake Product Account,TRUE,3.44633E+14,0,0,1,America/Los_Angeles,-7,ACTIVE,NONE,VAT information submitted,Snowflake,3.44633E+14,2024-05-09 01:32:16.477000-07:00,158,0
14.82008533,17208,16962,Bozeman,US,Snowflake Computing Inc.,MT,"106 East Babcock Street, Suite 3A",59715,TRUE,2022-01-20 12:59:50-08:00,USD,3.44633E+14,Snowflake,TRUE,TRUE,FALSE,FALSE,TRUE,0,FALSE,FALSE,10000,100,Snowflake Product Account,TRUE,3.44633E+14,0,0,1,America/Los_Angeles,-7,ACTIVE,NONE,VAT information submitted,Snowflake,3.44633E+14,2024-05-04 13:32:29.992000-07:00,161,0
12.29423712,6489,13278,Bozeman,US,Snowflake Computing Inc.,MT,"106 East Babcock Street, Suite 3A",59715,TRUE,2022-01-20 12:59:50-08:00,USD,3.44633E+14,Snowflake,TRUE,TRUE,FALSE,FALSE,TRUE,0,FALSE,FALSE,10000,100,Snowflake Product Account,TRUE,3.44633E+14,0,0,1,America/Los_Angeles,-7,ACTIVE,NONE,VAT information submitted,Snowflake,3.44633E+14,2024-05-02 07:33:01.750000-07:00,163,0
0.978028463,17208,4303,Bozeman,US,Snowflake Computing Inc.,MT,"106 East Babcock Street, Suite 3A",59715,TRUE,2022-01-20 12:59:50-08:00,USD,3.44633E+14,Snowflake,TRUE,TRUE,FALSE,FALSE,TRUE,0,FALSE,FALSE,10000,100,Snowflake Product Account,TRUE,3.44633E+14,0,0,1,America/Los_Angeles,-7,ACTIVE,NONE,VAT information submitted,Snowflake,3.44633E+14,2024-05-11 13:32:24.793000-07:00,170,0
0,17208,9949,Bozeman,US,Snowflake Computing Inc.,MT,"106 East Babcock Street, Suite 3A",59715,TRUE,2022-01-20 12:59:50-08:00,USD,3.44633E+14,Snowflake,TRUE,TRUE,FALSE,FALSE,TRUE,0,FALSE,FALSE,10000,100,Snowflake Product Account,TRUE,3.44633E+14,0,0,1,America/Los_Angeles,-7,ACTIVE,NONE,VAT information submitted,Snowflake,3.44633E+14,2024-05-11 07:33:03.332000-07:00,171,0
3.020208903,8496,16962,Bozeman,US,Snowflake Computing Inc.,MT,"106 East Babcock Street, Suite 3A",59715,TRUE,2022-01-20 12:59:50-08:00,USD,3.44633E+14,Snowflake,TRUE,TRUE,FALSE,FALSE,TRUE,0,FALSE,FALSE,10000,100,Snowflake Product Account,TRUE,3.44633E+14,0,0,1,America/Los_Angeles,-7,ACTIVE,NONE,VAT information submitted,Snowflake,3.44633E+14,2024-05-04 13:32:29.992000-07:00,177,0
20.00200272,0,2399,Bozeman,US,Snowflake Computing Inc.,MT,"106 East Babcock Street, Suite 3A",59715,TRUE,2022-01-20 12:59:50-08:00,USD,3.44633E+14,Snowflake,TRUE,TRUE,FALSE,FALSE,TRUE,0,FALSE,FALSE,10000,100,Snowflake Product Account,TRUE,3.44633E+14,0,0,1,America/Los_Angeles,-7,ACTIVE,NONE,VAT information submitted,Snowflake,3.44633E+14,2024-05-10 19:33:04.179000-07:00,181,0
8.681323413,9929,16962,Bozeman,US,Snowflake Computing Inc.,MT,"106 East Babcock Street, Suite 3A",59715,TRUE,2022-01-20 12:59:50-08:00,USD,3.44633E+14,Snowflake,TRUE,TRUE,FALSE,FALSE,TRUE,0,FALSE,FALSE,10000,100,Snowflake Product Account,TRUE,3.44633E+14,0,0,1,America/Los_Angeles,-7,ACTIVE,NONE,VAT information submitted,Snowflake,3.44633E+14,2024-05-09 13:32:56.426000-07:00,182,0
7.689675459,10370,16962,Bozeman,US,Snowflake Computing Inc.,MT,"106 East Babcock Street, Suite 3A",59715,TRUE,2022-01-20 12:59:50-08:00,USD,3.44633E+14,Snowflake,TRUE,TRUE,FALSE,FALSE,TRUE,0,FALSE,FALSE,10000,100,Snowflake Product Account,TRUE,3.44633E+14,0,0,1,America/Los_Angeles,-7,ACTIVE,NONE,VAT information submitted,Snowflake,3.44633E+14,2024-05-12 01:32:30.925000-07:00,183,0
20.00200272,13962,16962,Bozeman,US,Snowflake Computing Inc.,MT,"106 East Babcock Street, Suite 3A",59715,TRUE,2022-01-20 12:59:50-08:00,USD,3.44633E+14,Snowflake,TRUE,TRUE,FALSE,FALSE,TRUE,0,FALSE,FALSE,10000,100,Snowflake Product Account,TRUE,3.44633E+14,0,0,1,America/Los_Angeles,-7,ACTIVE,NONE,VAT information submitted,Snowflake,3.44633E+14,2024-05-02 19:32:39.622000-07:00,185,0
13.75780788,0,16962,Bozeman,US,Snowflake Computing Inc.,MT,"106 East Babcock Street, Suite 3A",59715,TRUE,2022-01-20 12:59:50-08:00,USD,3.44633E+14,Snowflake,TRUE,TRUE,FALSE,FALSE,TRUE,0,FALSE,FALSE,10000,100,Snowflake Product Account,TRUE,3.44633E+14,0,0,1,America/Los_Angeles,-7,ACTIVE,NONE,VAT information submitted,Snowflake,3.44633E+14,2024-04-30 13:32:41.407000-07:00,186,0
12.87806236,13237,0,Bozeman,US,Snowflake Computing Inc.,MT,"106 East Babcock Street, Suite 3A",59715,TRUE,2022-01-20 12:59:50-08:00,USD,3.44633E+14,Snowflake,TRUE,TRUE,FALSE,FALSE,TRUE,0,FALSE,FALSE,10000,100,Snowflake Product Account,TRUE,3.44633E+14,0,0,1,America/Los_Angeles,-7,ACTIVE,NONE,VAT information submitted,Snowflake,3.44633E+14,2024-05-02 19:32:39.622000-07:00,195,0
6.14532578,17208,16962,Bozeman,US,Snowflake Computing Inc.,MT,"106 East Babcock Street, Suite 3A",59715,TRUE,2022-01-20 12:59:50-08:00,USD,3.44633E+14,Snowflake,TRUE,TRUE,FALSE,FALSE,TRUE,0,FALSE,FALSE,10000,100,Snowflake Product Account,TRUE,3.44633E+14,0,0,1,America/Los_Angeles,-7,ACTIVE,NONE,VAT information submitted,Snowflake,3.44633E+14,2024-05-01 01:32:23.555000-07:00,204,0
6.134652663,17208,10897,Bozeman,US,Snowflake Computing Inc.,MT,"106 East Babcock Street, Suite 3A",59715,TRUE,2022-01-20 12:59:50-08:00,USD,3.44633E+14,Snowflake,TRUE,TRUE,FALSE,FALSE,TRUE,0,FALSE,FALSE,10000,100,Snowflake Product Account,TRUE,3.44633E+14,0,0,1,America/Los_Angeles,-7,ACTIVE,NONE,VAT information submitted,Snowflake,3.44633E+14,2024-05-12 01:32:30.925000-07:00,209,0
20.00200272,8689,16962,Bozeman,US,Snowflake Computing Inc.,MT,"106 East Babcock Street, Suite 3A",59715,TRUE,2022-01-20 12:59:50-08:00,USD,3.44633E+14,Snowflake,TRUE,TRUE,FALSE,FALSE,TRUE,0,FALSE,FALSE,10000,100,Snowflake Product Account,TRUE,3.44633E+14,0,0,1,America/Los_Angeles,-7,ACTIVE,NONE,VAT information submitted,Snowflake,3.44633E+14,2024-05-02 19:32:39.622000-07:00,210,0
20.00200272,17208,0,Bozeman,US,Snowflake Computing Inc.,MT,"106 East Babcock Street, Suite 3A",59715,TRUE,2022-01-20 12:59:50-08:00,USD,3.44633E+14,Snowflake,TRUE,TRUE,FALSE,FALSE,TRUE,0,FALSE,FALSE,10000,100,Snowflake Product Account,TRUE,3.44633E+14,0,0,1,America/Los_Angeles,-7,ACTIVE,NONE,VAT information submitted,Snowflake,3.44633E+14,2024-05-08 13:35:48.261000-07:00,217,0
5.677802841,15758,1948,Bozeman,US,Snowflake Computing Inc.,MT,"106 East Babcock Street, Suite 3A",59715,TRUE,2022-01-20 12:59:50-08:00,USD,3.44633E+14,Snowflake,TRUE,TRUE,FALSE,FALSE,TRUE,0,FALSE,FALSE,10000,100,Snowflake Product Account,TRUE,3.44633E+14,0,0,1,America/Los_Angeles,-7,ACTIVE,NONE,VAT information submitted,Snowflake,3.44633E+14,2024-05-02 15:51:12.202000-07:00,220,0
14.31770584,12714,16962,Bozeman,US,Snowflake Computing Inc.,MT,"106 East Babcock Street, Suite 3A",59715,TRUE,2022-01-20 12:59:50-08:00,USD,3.44633E+14,Snowflake,TRUE,TRUE,FALSE,FALSE,TRUE,0,FALSE,FALSE,10000,100,Snowflake Product Account,TRUE,3.44633E+14,0,0,1,America/Los_Angeles,-7,ACTIVE,NONE,VAT information submitted,Snowflake,3.44633E+14,2024-04-30 13:32:41.407000-07:00,230,0
20.00200272,17208,5112,Bozeman,US,Snowflake Computing Inc.,MT,"106 East Babcock Street, Suite 3A",59715,TRUE,2022-01-20 12:59:50-08:00,USD,3.44633E+14,Snowflake,TRUE,TRUE,FALSE,FALSE,TRUE,0,FALSE,FALSE,10000,100,Snowflake Product Account,TRUE,3.44633E+14,0,0,1,America/Los_Angeles,-7,ACTIVE,NONE,VAT information submitted,Snowflake,3.44633E+14,2024-05-13 13:33:31.499000-07:00,236,0
9.402854595,4049,13219,Bozeman,US,Snowflake Computing Inc.,MT,"106 East Babcock Street, Suite 3A",59715,TRUE,2022-01-20 12:59:50-08:00,USD,3.44633E+14,Snowflake,TRUE,TRUE,FALSE,FALSE,TRUE,0,FALSE,FALSE,10000,100,Snowflake Product Account,TRUE,3.44633E+14,0,0,1,America/Los_Angeles,-7,ACTIVE,NONE,VAT information submitted,Snowflake,3.44633E+14,2024-05-01 01:32:23.555000-07:00,1,0
2.055277922,12568,16962,Bozeman,US,Snowflake Computing Inc.,MT,"106 East Babcock Street, Suite 3A",59715,TRUE,2022-01-20 12:59:50-08:00,USD,3.44633E+14,Snowflake,TRUE,TRUE,FALSE,FALSE,TRUE,0,FALSE,FALSE,10000,100,Snowflake Product Account,TRUE,3.44633E+14,0,0,1,America/Los_Angeles,-7,ACTIVE,NONE,VAT information submitted,Snowflake,3.44633E+14,2024-05-12 19:32:48.520000-07:00,8,0
3.370329436,0,16962,Bozeman,US,Snowflake Computing Inc.,MT,"106 East Babcock Street, Suite 3A",59715,TRUE,2022-01-20 12:59:50-08:00,USD,3.44633E+14,Snowflake,TRUE,TRUE,FALSE,FALSE,TRUE,0,FALSE,FALSE,10000,100,Snowflake Product Account,TRUE,3.44633E+14,0,0,1,America/Los_Angeles,-7,ACTIVE,NONE,VAT information submitted,Snowflake,3.44633E+14,2024-05-13 19:32:39.153000-07:00,10,0
10.24411358,5767,16962,Bozeman,US,Snowflake Computing Inc.,MT,"106 East Babcock Street, Suite 3A",59715,TRUE,2022-01-20 12:59:50-08:00,USD,3.44633E+14,Snowflake,TRUE,TRUE,FALSE,FALSE,TRUE,0,FALSE,FALSE,10000,100,Snowflake Product Account,TRUE,3.44633E+14,0,0,1,America/Los_Angeles,-7,ACTIVE,NONE,VAT information submitted,Snowflake,3.44633E+14,2024-05-14 07:32:25.876000-07:00,11,0
20.00200272,14941,13221,Bozeman,US,Snowflake Computing Inc.,MT,"106 East Babcock Street, Suite 3A",59715,TRUE,2022-01-20 12:59:50-08:00,USD,3.44633E+14,Snowflake,TRUE,TRUE,FALSE,FALSE,TRUE,0,FALSE,FALSE,10000,100,Snowflake Product Account,TRUE,3.44633E+14,0,0,1,America/Los_Angeles,-7,ACTIVE,NONE,VAT information submitted,Snowflake,3.44633E+14,2024-05-02 13:32:25.003000-07:00,19,0
8.059069341,17208,16962,Bozeman,US,Snowflake Computing Inc.,MT,"106 East Babcock Street, Suite 3A",59715,TRUE,2022-01-20 12:59:50-08:00,USD,3.44633E+14,Snowflake,TRUE,TRUE,FALSE,FALSE,TRUE,0,FALSE,FALSE,10000,100,Snowflake Product Account,TRUE,3.44633E+14,0,0,1,America/Los_Angeles,-7,ACTIVE,NONE,VAT information submitted,Snowflake,3.44633E+14,2024-05-02 01:32:50.732000-07:00,28,0
3.226896011,17208,16962,Bozeman,US,Snowflake Computing Inc.,MT,"106 East Babcock Street, Suite 3A",59715,TRUE,2022-01-20 12:59:50-08:00,USD,3.44633E+14,Snowflake,TRUE,TRUE,FALSE,FALSE,TRUE,0,FALSE,FALSE,10000,100,Snowflake Product Account,TRUE,3.44633E+14,0,0,1,America/Los_Angeles,-7,ACTIVE,NONE,VAT information submitted,Snowflake,3.44633E+14,2024-05-13 13:33:31.499000-07:00,31,0
0,17208,4801,Bozeman,US,Snowflake Computing Inc.,MT,"106 East Babcock Street, Suite 3A",59715,TRUE,2022-01-20 12:59:50-08:00,USD,3.44633E+14,Snowflake,TRUE,TRUE,FALSE,FALSE,TRUE,0,FALSE,FALSE,10000,100,Snowflake Product Account,TRUE,3.44633E+14,0,0,1,America/Los_Angeles,-7,ACTIVE,NONE,VAT information submitted,Snowflake,3.44633E+14,2024-05-10 01:32:53.941000-07:00,33,0
15.57606457,3494,16962,Bozeman,US,Snowflake Computing Inc.,MT,"106 East Babcock Street, Suite 3A",59715,TRUE,2022-01-20 12:59:50-08:00,USD,3.44633E+14,Snowflake,TRUE,TRUE,FALSE,FALSE,TRUE,0,FALSE,FALSE,10000,100,Snowflake Product Account,TRUE,3.44633E+14,0,0,1,America/Los_Angeles,-7,ACTIVE,NONE,VAT information submitted,Snowflake,3.44633E+14,2024-05-11 07:33:03.332000-07:00,38,0
20.00200272,0,12116,Bozeman,US,Snowflake Computing Inc.,MT,"106 East Babcock Street, Suite 3A",59715,TRUE,2022-01-20 12:59:50-08:00,USD,3.44633E+14,Snowflake,TRUE,TRUE,FALSE,FALSE,TRUE,0,FALSE,FALSE,10000,100,Snowflake Product Account,TRUE,3.44633E+14,0,0,1,America/Los_Angeles,-7,ACTIVE,NONE,VAT information submitted,Snowflake,3.44633E+14,2024-05-03 13:32:40.193000-07:00,45,0
0,2752,6941,Bozeman,US,Snowflake Computing Inc.,MT,"106 East Babcock Street, Suite 3A",59715,TRUE,2022-01-20 12:59:50-08:00,USD,3.44633E+14,Snowflake,TRUE,TRUE,FALSE,FALSE,TRUE,0,FALSE,FALSE,10000,100,Snowflake Product Account,TRUE,3.44633E+14,0,0,1,America/Los_Angeles,-7,ACTIVE,NONE,VAT information submitted,Snowflake,3.44633E+14,2024-05-11 13:32:24.793000-07:00,46,0
10.90846771,17208,9390,Bozeman,US,Snowflake Computing Inc.,MT,"106 East Babcock Street, Suite 3A",59715,TRUE,2022-01-20 12:59:50-08:00,USD,3.44633E+14,Snowflake,TRUE,TRUE,FALSE,FALSE,TRUE,0,FALSE,FALSE,10000,100,Snowflake Product Account,TRUE,3.44633E+14,0,0,1,America/Los_Angeles,-7,ACTIVE,NONE,VAT information submitted,Snowflake,3.44633E+14,2024-05-09 07:32:41.595000-07:00,49,0
0,13352,16962,Bozeman,US,Snowflake Computing Inc.,MT,"106 East Babcock Street, Suite 3A",59715,TRUE,2022-01-20 12:59:50-08:00,USD,3.44633E+14,Snowflake,TRUE,TRUE,FALSE,FALSE,TRUE,0,FALSE,FALSE,10000,100,Snowflake Product Account,TRUE,3.44633E+14,0,0,1,America/Los_Angeles,-7,ACTIVE,NONE,VAT information submitted,Snowflake,3.44633E+14,2024-05-08 07:32:36.696000-07:00,59,0
6.769062867,17208,16962,Bozeman,US,Snowflake Computing Inc.,MT,"106 East Babcock Street, Suite 3A",59715,TRUE,2022-01-20 12:59:50-08:00,USD,3.44633E+14,Snowflake,TRUE,TRUE,FALSE,FALSE,TRUE,0,FALSE,FALSE,10000,100,Snowflake Product Account,TRUE,3.44633E+14,0,0,1,America/Los_Angeles,-7,ACTIVE,NONE,VAT information submitted,Snowflake,3.44633E+14,2024-05-09 01:32:16.477000-07:00,64,0
1.03789055,0,16962,Bozeman,US,Snowflake Computing Inc.,MT,"106 East Babcock Street, Suite 3A",59715,TRUE,2022-01-20 12:59:50-08:00,USD,3.44633E+14,Snowflake,TRUE,TRUE,FALSE,FALSE,TRUE,0,FALSE,FALSE,10000,100,Snowflake Product Account,TRUE,3.44633E+14,0,0,1,America/Los_Angeles,-7,ACTIVE,NONE,VAT information submitted,Snowflake,3.44633E+14,2024-05-10 13:32:46.749000-07:00,68,0
12.00826143,2567,3697,Bozeman,US,Snowflake Computing Inc.,MT,"106 East Babcock Street, Suite 3A",59715,TRUE,2022-01-20 12:59:50-08:00,USD,3.44633E+14,Snowflake,TRUE,TRUE,FALSE,FALSE,TRUE,0,FALSE,FALSE,10000,100,Snowflake Product Account,TRUE,3.44633E+14,0,0,1,America/Los_Angeles,-7,ACTIVE,NONE,VAT information submitted,Snowflake,3.44633E+14,2024-05-11 07:33:03.332000-07:00,79,0
7.938938105,17208,16962,Bozeman,US,Snowflake Computing Inc.,MT,"106 East Babcock Street, Suite 3A",59715,TRUE,2022-01-20 12:59:50-08:00,USD,3.44633E+14,Snowflake,TRUE,TRUE,FALSE,FALSE,TRUE,0,FALSE,FALSE,10000,100,Snowflake Product Account,TRUE,3.44633E+14,0,0,1,America/Los_Angeles,-7,ACTIVE,NONE,VAT information submitted,Snowflake,3.44633E+14,2024-05-08 07:32:36.696000-07:00,80,0
0,8031,16962,Bozeman,US,Snowflake Computing Inc.,MT,"106 East Babcock Street, Suite 3A",59715,TRUE,2022-01-20 12:59:50-08:00,USD,3.44633E+14,Snowflake,TRUE,TRUE,FALSE,FALSE,TRUE,0,FALSE,FALSE,10000,100,Snowflake Product Account,TRUE,3.44633E+14,0,0,1,America/Los_Angeles,-7,ACTIVE,NONE,VAT information submitted,Snowflake,3.44633E+14,2024-05-02 15:51:12.202000-07:00,85,0
7.807747878,6500,11043,Bozeman,US,Snowflake Computing Inc.,MT,"106 East Babcock Street, Suite 3A",59715,TRUE,2022-01-20 12:59:50-08:00,USD,3.44633E+14,Snowflake,TRUE,TRUE,FALSE,FALSE,TRUE,0,FALSE,FALSE,10000,100,Snowflake Product Account,TRUE,3.44633E+14,0,0,1,America/Los_Angeles,-7,ACTIVE,NONE,VAT information submitted,Snowflake,3.44633E+14,2024-05-10 19:33:04.179000-07:00,88,0
0,17208,9721,Bozeman,US,Snowflake Computing Inc.,MT,"106 East Babcock Street, Suite 3A",59715,TRUE,2022-01-20 12:59:50-08:00,USD,3.44633E+14,Snowflake,TRUE,TRUE,FALSE,FALSE,TRUE,0,FALSE,FALSE,10000,100,Snowflake Product Account,TRUE,3.44633E+14,0,0,1,America/Los_Angeles,-7,ACTIVE,NONE,VAT information submitted,Snowflake,3.44633E+14,2024-05-13 19:32:39.153000-07:00,91,0
6.305648776,3080,16962,Bozeman,US,Snowflake Computing Inc.,MT,"106 East Babcock Street, Suite 3A",59715,TRUE,2022-01-20 12:59:50-08:00,USD,3.44633E+14,Snowflake,TRUE,TRUE,FALSE,FALSE,TRUE,0,FALSE,FALSE,10000,100,Snowflake Product Account,TRUE,3.44633E+14,0,0,1,America/Los_Angeles,-7,ACTIVE,NONE,VAT information submitted,Snowflake,3.44633E+14,2024-05-01 19:32:29.092000-07:00,100,0
12.89892221,17208,16962,Bozeman,US,Snowflake Computing Inc.,MT,"106 East Babcock Street, Suite 3A",59715,TRUE,2022-01-20 12:59:50-08:00,USD,3.44633E+14,Snowflake,TRUE,TRUE,FALSE,FALSE,TRUE,0,FALSE,FALSE,10000,100,Snowflake Product Account,TRUE,3.44633E+14,0,0,1,America/Los_Angeles,-7,ACTIVE,NONE,VAT information submitted,Snowflake,3.44633E+14,2024-05-12 19:32:48.520000-07:00,114,0
6.366844241,11639,16962,Bozeman,US,Snowflake Computing Inc.,MT,"106 East Babcock Street, Suite 3A",59715,TRUE,2022-01-20 12:59:50-08:00,USD,3.44633E+14,Snowflake,TRUE,TRUE,FALSE,FALSE,TRUE,0,FALSE,FALSE,10000,100,Snowflake Product Account,TRUE,3.44633E+14,0,0,1,America/Los_Angeles,-7,ACTIVE,NONE,VAT information submitted,Snowflake,3.44633E+14,2024-05-02 07:33:01.750000-07:00,118,0
6.199500626,5946,16962,Bozeman,US,Snowflake Computing Inc.,MT,"106 East Babcock Street, Suite 3A",59715,TRUE,2022-01-20 12:59:50-08:00,USD,3.44633E+14,Snowflake,TRUE,TRUE,FALSE,FALSE,TRUE,0,FALSE,FALSE,10000,100,Snowflake Product Account,TRUE,3.44633E+14,0,0,1,America/Los_Angeles,-7,ACTIVE,NONE,VAT information submitted,Snowflake,3.44633E+14,2024-05-03 01:32:41.729000-07:00,124,0
20.00200272,16965,3131,Bozeman,US,Snowflake Computing Inc.,MT,"106 East Babcock Street, Suite 3A",59715,TRUE,2022-01-20 12:59:50-08:00,USD,3.44633E+14,Snowflake,TRUE,TRUE,FALSE,FALSE,TRUE,0,FALSE,FALSE,10000,100,Snowflake Product Account,TRUE,3.44633E+14,0,0,1,America/Los_Angeles,-7,ACTIVE,NONE,VAT information submitted,Snowflake,3.44633E+14,2024-05-02 15:51:12.202000-07:00,128,0
14.3457604,0,3851,Bozeman,US,Snowflake Computing Inc.,MT,"106 East Babcock Street, Suite 3A",59715,TRUE,2022-01-20 12:59:50-08:00,USD,3.44633E+14,Snowflake,TRUE,TRUE,FALSE,FALSE,TRUE,0,FALSE,FALSE,10000,100,Snowflake Product Account,TRUE,3.44633E+14,0,0,1,America/Los_Angeles,-7,ACTIVE,NONE,VAT information submitted,Snowflake,3.44633E+14,2024-05-01 01:32:23.555000-07:00,130,0
20.00200272,9077,16962,Bozeman,US,Snowflake Computing Inc.,MT,"106 East Babcock Street, Suite 3A",59715,TRUE,2022-01-20 12:59:50-08:00,USD,3.44633E+14,Snowflake,TRUE,TRUE,FALSE,FALSE,TRUE,0,FALSE,FALSE,10000,100,Snowflake Product Account,TRUE,3.44633E+14,0,0,1,America/Los_Angeles,-7,ACTIVE,NONE,VAT information submitted,Snowflake,3.44633E+14,2024-04-26 07:32:31.404000-07:00,142,0
20.00200272,0,16962,Bozeman,US,Snowflake Computing Inc.,MT,"106 East Babcock Street, Suite 3A",59715,TRUE,2022-01-20 12:59:50-08:00,USD,3.44633E+14,Snowflake,TRUE,TRUE,FALSE,FALSE,TRUE,0,FALSE,FALSE,10000,100,Snowflake Product Account,TRUE,3.44633E+14,0,0,1,America/Los_Angeles,-7,ACTIVE,NONE,VAT information submitted,Snowflake,3.44633E+14,2024-04-26 07:32:31.404000-07:00,150,0
8.767625667,13050,16962,Bozeman,US,Snowflake Computing Inc.,MT,"106 East Babcock Street, Suite 3A",59715,TRUE,2022-01-20 12:59:50-08:00,USD,3.44633E+14,Snowflake,TRUE,TRUE,FALSE,FALSE,TRUE,0,FALSE,FALSE,10000,100,Snowflake Product Account,TRUE,3.44633E+14,0,0,1,America/Los_Angeles,-7,ACTIVE,NONE,VAT information submitted,Snowflake,3.44633E+14,2024-05-12 07:32:31.616000-07:00,151,0
10.61277658,16991,4706,Bozeman,US,Snowflake Computing Inc.,MT,"106 East Babcock Street, Suite 3A",59715,TRUE,2022-01-20 12:59:50-08:00,USD,3.44633E+14,Snowflake,TRUE,TRUE,FALSE,FALSE,TRUE,0,FALSE,FALSE,10000,100,Snowflake Product Account,TRUE,3.44633E+14,0,0,1,America/Los_Angeles,-7,ACTIVE,NONE,VAT information submitted,Snowflake,3.44633E+14,2024-05-14 13:32:40.790000-07:00,152,0
6.655499423,0,3098,Bozeman,US,Snowflake Computing Inc.,MT,"106 East Babcock Street, Suite 3A",59715,TRUE,2022-01-20 12:59:50-08:00,USD,3.44633E+14,Snowflake,TRUE,TRUE,FALSE,FALSE,TRUE,0,FALSE,FALSE,10000,100,Snowflake Product Account,TRUE,3.44633E+14,0,0,1,America/Los_Angeles,-7,ACTIVE,NONE,VAT information submitted,Snowflake,3.44633E+14,2024-05-13 01:32:40.803000-07:00,162,0
20.00200272,5667,16962,Bozeman,US,Snowflake Computing Inc.,MT,"106 East Babcock Street, Suite 3A",59715,TRUE,2022-01-20 12:59:50-08:00,USD,3.44633E+14,Snowflake,TRUE,TRUE,FALSE,FALSE,TRUE,0,FALSE,FALSE,10000,100,Snowflake Product Account,TRUE,3.44633E+14,0,0,1,America/Los_Angeles,-7,ACTIVE,NONE,VAT information submitted,Snowflake,3.44633E+14,2024-05-08 07:32:36.696000-07:00,165,0
8.096711097,5697,6766,Bozeman,US,Snowflake Computing Inc.,MT,"106 East Babcock Street, Suite 3A",59715,TRUE,2022-01-20 12:59:50-08:00,USD,3.44633E+14,Snowflake,TRUE,TRUE,FALSE,FALSE,TRUE,0,FALSE,FALSE,10000,100,Snowflake Product Account,TRUE,3.44633E+14,0,0,1,America/Los_Angeles,-7,ACTIVE,NONE,VAT information submitted,Snowflake,3.44633E+14,2024-05-11 07:33:03.332000-07:00,167,0
8.107641232,17208,11165,Bozeman,US,Snowflake Computing Inc.,MT,"106 East Babcock Street, Suite 3A",59715,TRUE,2022-01-20 12:59:50-08:00,USD,3.44633E+14,Snowflake,TRUE,TRUE,FALSE,FALSE,TRUE,0,FALSE,FALSE,10000,100,Snowflake Product Account,TRUE,3.44633E+14,0,0,1,America/Los_Angeles,-7,ACTIVE,NONE,VAT information submitted,Snowflake,3.44633E+14,2024-05-12 19:32:48.520000-07:00,173,0
1.669725071,0,12217,Bozeman,US,Snowflake Computing Inc.,MT,"106 East Babcock Street, Suite 3A",59715,TRUE,2022-01-20 12:59:50-08:00,USD,3.44633E+14,Snowflake,TRUE,TRUE,FALSE,FALSE,TRUE,0,FALSE,FALSE,10000,100,Snowflake Product Account,TRUE,3.44633E+14,0,0,1,America/Los_Angeles,-7,ACTIVE,NONE,VAT information submitted,Snowflake,3.44633E+14,2024-05-12 19:32:48.520000-07:00,175,0
7.102085504,17208,12811,Bozeman,US,Snowflake Computing Inc.,MT,"106 East Babcock Street, Suite 3A",59715,TRUE,2022-01-20 12:59:50-08:00,USD,3.44633E+14,Snowflake,TRUE,TRUE,FALSE,FALSE,TRUE,0,FALSE,FALSE,10000,100,Snowflake Product Account,TRUE,3.44633E+14,0,0,1,America/Los_Angeles,-7,ACTIVE,NONE,VAT information submitted,Snowflake,3.44633E+14,2024-05-09 13:32:56.426000-07:00,184,0
4.347999666,3129,16962,Bozeman,US,Snowflake Computing Inc.,MT,"106 East Babcock Street, Suite 3A",59715,TRUE,2022-01-20 12:59:50-08:00,USD,3.44633E+14,Snowflake,TRUE,TRUE,FALSE,FALSE,TRUE,0,FALSE,FALSE,10000,100,Snowflake Product Account,TRUE,3.44633E+14,0,0,1,America/Los_Angeles,-7,ACTIVE,NONE,VAT information submitted,Snowflake,3.44633E+14,2024-05-13 19:32:39.153000-07:00,187,0
14.08011952,3016,13101,Bozeman,US,Snowflake Computing Inc.,MT,"106 East Babcock Street, Suite 3A",59715,TRUE,2022-01-20 12:59:50-08:00,USD,3.44633E+14,Snowflake,TRUE,TRUE,FALSE,FALSE,TRUE,0,FALSE,FALSE,10000,100,Snowflake Product Account,TRUE,3.44633E+14,0,0,1,America/Los_Angeles,-7,ACTIVE,NONE,VAT information submitted,Snowflake,3.44633E+14,2024-05-03 01:32:41.729000-07:00,198,0
13.72759452,17208,13177,Bozeman,US,Snowflake Computing Inc.,MT,"106 East Babcock Street, Suite 3A",59715,TRUE,2022-01-20 12:59:50-08:00,USD,3.44633E+14,Snowflake,TRUE,TRUE,FALSE,FALSE,TRUE,0,FALSE,FALSE,10000,100,Snowflake Product Account,TRUE,3.44633E+14,0,0,1,America/Los_Angeles,-7,ACTIVE,NONE,VAT information submitted,Snowflake,3.44633E+14,2024-04-26 07:32:31.404000-07:00,205,0
18.74332567,17208,11416,Bozeman,US,Snowflake Computing Inc.,MT,"106 East Babcock Street, Suite 3A",59715,TRUE,2022-01-20 12:59:50-08:00,USD,3.44633E+14,Snowflake,TRUE,TRUE,FALSE,FALSE,TRUE,0,FALSE,FALSE,10000,100,Snowflake Product Account,TRUE,3.44633E+14,0,0,1,America/Los_Angeles,-7,ACTIVE,NONE,VAT information submitted,Snowflake,3.44633E+14,2024-05-02 15:51:12.202000-07:00,207,0
14.20535744,17208,10796,Bozeman,US,Snowflake Computing Inc.,MT,"106 East Babcock Street, Suite 3A",59715,TRUE,2022-01-20 12:59:50-08:00,USD,3.44633E+14,Snowflake,TRUE,TRUE,FALSE,FALSE,TRUE,0,FALSE,FALSE,10000,100,Snowflake Product Account,TRUE,3.44633E+14,0,0,1,America/Los_Angeles,-7,ACTIVE,NONE,VAT information submitted,Snowflake,3.44633E+14,2024-05-04 13:32:29.992000-07:00,215,0
0.15536072,11172,14030,Bozeman,US,Snowflake Computing Inc.,MT,"106 East Babcock Street, Suite 3A",59715,TRUE,2022-01-20 12:59:50-08:00,USD,3.44633E+14,Snowflake,TRUE,TRUE,FALSE,FALSE,TRUE,0,FALSE,FALSE,10000,100,Snowflake Product Account,TRUE,3.44633E+14,0,0,1,America/Los_Angeles,-7,ACTIVE,NONE,VAT information submitted,Snowflake,3.44633E+14,2024-05-02 07:33:01.750000-07:00,216,0
16.5045391,2626,16962,Bozeman,US,Snowflake Computing Inc.,MT,"106 East Babcock Street, Suite 3A",59715,TRUE,2022-01-20 12:59:50-08:00,USD,3.44633E+14,Snowflake,TRUE,TRUE,FALSE,FALSE,TRUE,0,FALSE,FALSE,10000,100,Snowflake Product Account,TRUE,3.44633E+14,0,0,1,America/Los_Angeles,-7,ACTIVE,NONE,VAT information submitted,Snowflake,3.44633E+14,2024-05-01 01:32:23.555000-07:00,223,0
12.28616483,2051,16962,Bozeman,US,Snowflake Computing Inc.,MT,"106 East Babcock Street, Suite 3A",59715,TRUE,2022-01-20 12:59:50-08:00,USD,3.44633E+14,Snowflake,TRUE,TRUE,FALSE,FALSE,TRUE,0,FALSE,FALSE,10000,100,Snowflake Product Account,TRUE,3.44633E+14,0,0,1,America/Los_Angeles,-7,ACTIVE,NONE,VAT information submitted,Snowflake,3.44633E+14,2024-05-02 19:32:39.622000-07:00,226,0
16.02275418,17208,0,Bozeman,US,Snowflake Computing Inc.,MT,"106 East Babcock Street, Suite 3A",59715,TRUE,2022-01-20 12:59:50-08:00,USD,3.44633E+14,Snowflake,TRUE,TRUE,FALSE,FALSE,TRUE,0,FALSE,FALSE,10000,100,Snowflake Product Account,TRUE,3.44633E+14,0,0,1,America/Los_Angeles,-7,ACTIVE,NONE,VAT information submitted,Snowflake,3.44633E+14,2024-05-12 01:32:30.925000-07:00,228,0
6.102758584,12061,9077,Bozeman,US,Snowflake Computing Inc.,MT,"106 East Babcock Street, Suite 3A",59715,TRUE,2022-01-20 12:59:50-08:00,USD,3.44633E+14,Snowflake,TRUE,TRUE,FALSE,FALSE,TRUE,0,FALSE,FALSE,10000,100,Snowflake Product Account,TRUE,3.44633E+14,0,0,1,America/Los_Angeles,-7,ACTIVE,NONE,VAT information submitted,Snowflake,3.44633E+14,2024-05-02 07:33:01.750000-07:00,232,0
18.7179083,0,16962,Bozeman,US,Snowflake Computing Inc.,MT,"106 East Babcock Street, Suite 3A",59715,TRUE,2022-01-20 12:59:50-08:00,USD,3.44633E+14,Snowflake,TRUE,TRUE,FALSE,FALSE,TRUE,0,FALSE,FALSE,10000,100,Snowflake Product Account,TRUE,3.44633E+14,0,0,1,America/Los_Angeles,-7,ACTIVE,NONE,VAT information submitted,Snowflake,3.44633E+14,2024-04-30 13:32:41.407000-07:00,233,0
6.272685905,3939,11811,Bozeman,US,Snowflake Computing Inc.,MT,"106 East Babcock Street, Suite 3A",59715,TRUE,2022-01-20 12:59:50-08:00,USD,3.44633E+14,Snowflake,TRUE,TRUE,FALSE,FALSE,TRUE,0,FALSE,FALSE,10000,100,Snowflake Product Account,TRUE,3.44633E+14,0,0,1,America/Los_Angeles,-7,ACTIVE,NONE,VAT information submitted,Snowflake,3.44633E+14,2024-05-02 07:33:01.750000-07:00,234,0
2.791963123,13476,16962,Bozeman,US,Snowflake Computing Inc.,MT,"106 East Babcock Street, Suite 3A",59715,TRUE,2022-01-20 12:59:50-08:00,USD,3.44633E+14,Snowflake,TRUE,TRUE,FALSE,FALSE,TRUE,0,FALSE,FALSE,10000,100,Snowflake Product Account,TRUE,3.44633E+14,0,0,1,America/Los_Angeles,-7,ACTIVE,NONE,VAT information submitted,Snowflake,3.44633E+14,2024-05-11 07:33:03.332000-07:00,15,0
13.69224571,6465,16962,Bozeman,US,Snowflake Computing Inc.,MT,"106 East Babcock Street, Suite 3A",59715,TRUE,2022-01-20 12:59:50-08:00,USD,3.44633E+14,Snowflake,TRUE,TRUE,FALSE,FALSE,TRUE,0,FALSE,FALSE,10000,100,Snowflake Product Account,TRUE,3.44633E+14,0,0,1,America/Los_Angeles,-7,ACTIVE,NONE,VAT information submitted,Snowflake,3.44633E+14,2024-05-12 01:32:30.925000-07:00,23,0
7.12160417,14625,12255,Bozeman,US,Snowflake Computing Inc.,MT,"106 East Babcock Street, Suite 3A",59715,TRUE,2022-01-20 12:59:50-08:00,USD,3.44633E+14,Snowflake,TRUE,TRUE,FALSE,FALSE,TRUE,0,FALSE,FALSE,10000,100,Snowflake Product Account,TRUE,3.44633E+14,0,0,1,America/Los_Angeles,-7,ACTIVE,NONE,VAT information submitted,Snowflake,3.44633E+14,2024-05-12 01:32:30.925000-07:00,27,0
20.00200272,17208,12091,Bozeman,US,Snowflake Computing Inc.,MT,"106 East Babcock Street, Suite 3A",59715,TRUE,2022-01-20 12:59:50-08:00,USD,3.44633E+14,Snowflake,TRUE,TRUE,FALSE,FALSE,TRUE,0,FALSE,FALSE,10000,100,Snowflake Product Account,TRUE,3.44633E+14,0,0,1,America/Los_Angeles,-7,ACTIVE,NONE,VAT information submitted,Snowflake,3.44633E+14,2024-05-12 13:33:07.313000-07:00,34,0
6.923361267,13130,16962,Bozeman,US,Snowflake Computing Inc.,MT,"106 East Babcock Street, Suite 3A",59715,TRUE,2022-01-20 12:59:50-08:00,USD,3.44633E+14,Snowflake,TRUE,TRUE,FALSE,FALSE,TRUE,0,FALSE,FALSE,10000,100,Snowflake Product Account,TRUE,3.44633E+14,0,0,1,America/Los_Angeles,-7,ACTIVE,NONE,VAT information submitted,Snowflake,3.44633E+14,2024-05-13 19:32:39.153000-07:00,43,0
20.00200272,4369,8042,Bozeman,US,Snowflake Computing Inc.,MT,"106 East Babcock Street, Suite 3A",59715,TRUE,2022-01-20 12:59:50-08:00,USD,3.44633E+14,Snowflake,TRUE,TRUE,FALSE,FALSE,TRUE,0,FALSE,FALSE,10000,100,Snowflake Product Account,TRUE,3.44633E+14,0,0,1,America/Los_Angeles,-7,ACTIVE,NONE,VAT information submitted,Snowflake,3.44633E+14,2024-05-03 19:33:10.671000-07:00,51,0
6.542459099,13100,10569,Bozeman,US,Snowflake Computing Inc.,MT,"106 East Babcock Street, Suite 3A",59715,TRUE,2022-01-20 12:59:50-08:00,USD,3.44633E+14,Snowflake,TRUE,TRUE,FALSE,FALSE,TRUE,0,FALSE,FALSE,10000,100,Snowflake Product Account,TRUE,3.44633E+14,0,0,1,America/Los_Angeles,-7,ACTIVE,NONE,VAT information submitted,Snowflake,3.44633E+14,2024-05-03 19:33:10.671000-07:00,52,0
14.2244398,17208,10475,Bozeman,US,Snowflake Computing Inc.,MT,"106 East Babcock Street, Suite 3A",59715,TRUE,2022-01-20 12:59:50-08:00,USD,3.44633E+14,Snowflake,TRUE,TRUE,FALSE,FALSE,TRUE,0,FALSE,FALSE,10000,100,Snowflake Product Account,TRUE,3.44633E+14,0,0,1,America/Los_Angeles,-7,ACTIVE,NONE,VAT information submitted,Snowflake,3.44633E+14,2024-05-12 13:33:07.313000-07:00,55,0
12.8080387,17208,3843,Bozeman,US,Snowflake Computing Inc.,MT,"106 East Babcock Street, Suite 3A",59715,TRUE,2022-01-20 12:59:50-08:00,USD,3.44633E+14,Snowflake,TRUE,TRUE,FALSE,FALSE,TRUE,0,FALSE,FALSE,10000,100,Snowflake Product Account,TRUE,3.44633E+14,0,0,1,America/Los_Angeles,-7,ACTIVE,NONE,VAT information submitted,Snowflake,3.44633E+14,2024-05-03 13:32:40.193000-07:00,56,0
15.40502967,11925,2204,Bozeman,US,Snowflake Computing Inc.,MT,"106 East Babcock Street, Suite 3A",59715,TRUE,2022-01-20 12:59:50-08:00,USD,3.44633E+14,Snowflake,TRUE,TRUE,FALSE,FALSE,TRUE,0,FALSE,FALSE,10000,100,Snowflake Product Account,TRUE,3.44633E+14,0,0,1,America/Los_Angeles,-7,ACTIVE,NONE,VAT information submitted,Snowflake,3.44633E+14,2024-05-09 19:32:28.248000-07:00,58,0
10.07037056,0,15029,Bozeman,US,Snowflake Computing Inc.,MT,"106 East Babcock Street, Suite 3A",59715,TRUE,2022-01-20 12:59:50-08:00,USD,3.44633E+14,Snowflake,TRUE,TRUE,FALSE,FALSE,TRUE,0,FALSE,FALSE,10000,100,Snowflake Product Account,TRUE,3.44633E+14,0,0,1,America/Los_Angeles,-7,ACTIVE,NONE,VAT information submitted,Snowflake,3.44633E+14,2024-05-08 19:32:29.672000-07:00,62,0
9.416615157,3059,16962,Bozeman,US,Snowflake Computing Inc.,MT,"106 East Babcock Street, Suite 3A",59715,TRUE,2022-01-20 12:59:50-08:00,USD,3.44633E+14,Snowflake,TRUE,TRUE,FALSE,FALSE,TRUE,0,FALSE,FALSE,10000,100,Snowflake Product Account,TRUE,3.44633E+14,0,0,1,America/Los_Angeles,-7,ACTIVE,NONE,VAT information submitted,Snowflake,3.44633E+14,2024-05-03 19:33:10.671000-07:00,63,0
19.47894989,8663,16962,Bozeman,US,Snowflake Computing Inc.,MT,"106 East Babcock Street, Suite 3A",59715,TRUE,2022-01-20 12:59:50-08:00,USD,3.44633E+14,Snowflake,TRUE,TRUE,FALSE,FALSE,TRUE,0,FALSE,FALSE,10000,100,Snowflake Product Account,TRUE,3.44633E+14,0,0,1,America/Los_Angeles,-7,ACTIVE,NONE,VAT information submitted,Snowflake,3.44633E+14,2024-05-16 13:24:50.952000-07:00,66,0
6.116773922,5999,16962,Bozeman,US,Snowflake Computing Inc.,MT,"106 East Babcock Street, Suite 3A",59715,TRUE,2022-01-20 12:59:50-08:00,USD,3.44633E+14,Snowflake,TRUE,TRUE,FALSE,FALSE,TRUE,0,FALSE,FALSE,10000,100,Snowflake Product Account,TRUE,3.44633E+14,0,0,1,America/Los_Angeles,-7,ACTIVE,NONE,VAT information submitted,Snowflake,3.44633E+14,2024-05-11 19:32:36.229000-07:00,72,0
15.85945197,2729,16962,Bozeman,US,Snowflake Computing Inc.,MT,"106 East Babcock Street, Suite 3A",59715,TRUE,2022-01-20 12:59:50-08:00,USD,3.44633E+14,Snowflake,TRUE,TRUE,FALSE,FALSE,TRUE,0,FALSE,FALSE,10000,100,Snowflake Product Account,TRUE,3.44633E+14,0,0,1,America/Los_Angeles,-7,ACTIVE,NONE,VAT information submitted,Snowflake,3.44633E+14,2024-05-14 07:32:25.876000-07:00,73,0
20.00200272,5932,16962,Bozeman,US,Snowflake Computing Inc.,MT,"106 East Babcock Street, Suite 3A",59715,TRUE,2022-01-20 12:59:50-08:00,USD,3.44633E+14,Snowflake,TRUE,TRUE,FALSE,FALSE,TRUE,0,FALSE,FALSE,10000,100,Snowflake Product Account,TRUE,3.44633E+14,0,0,1,America/Los_Angeles,-7,ACTIVE,NONE,VAT information submitted,Snowflake,3.44633E+14,2024-05-08 13:35:48.261000-07:00,75,0
5.031482707,17208,16962,Bozeman,US,Snowflake Computing Inc.,MT,"106 East Babcock Street, Suite 3A",59715,TRUE,2022-01-20 12:59:50-08:00,USD,3.44633E+14,Snowflake,TRUE,TRUE,FALSE,FALSE,TRUE,0,FALSE,FALSE,10000,100,Snowflake Product Account,TRUE,3.44633E+14,0,0,1,America/Los_Angeles,-7,ACTIVE,NONE,VAT information submitted,Snowflake,3.44633E+14,2024-05-12 01:32:30.925000-07:00,76,0
6.67439674,17208,12647,Bozeman,US,Snowflake Computing Inc.,MT,"106 East Babcock Street, Suite 3A",59715,TRUE,2022-01-20 12:59:50-08:00,USD,3.44633E+14,Snowflake,TRUE,TRUE,FALSE,FALSE,TRUE,0,FALSE,FALSE,10000,100,Snowflake Product Account,TRUE,3.44633E+14,0,0,1,America/Los_Angeles,-7,ACTIVE,NONE,VAT information submitted,Snowflake,3.44633E+14,2024-05-09 19:32:28.248000-07:00,77,0
11.65567526,2420,16962,Bozeman,US,Snowflake Computing Inc.,MT,"106 East Babcock Street, Suite 3A",59715,TRUE,2022-01-20 12:59:50-08:00,USD,3.44633E+14,Snowflake,TRUE,TRUE,FALSE,FALSE,TRUE,0,FALSE,FALSE,10000,100,Snowflake Product Account,TRUE,3.44633E+14,0,0,1,America/Los_Angeles,-7,ACTIVE,NONE,VAT information submitted,Snowflake,3.44633E+14,2024-05-03 13:32:40.193000-07:00,78,0
8.921868693,13691,0,Bozeman,US,Snowflake Computing Inc.,MT,"106 East Babcock Street, Suite 3A",59715,TRUE,2022-01-20 12:59:50-08:00,USD,3.44633E+14,Snowflake,TRUE,TRUE,FALSE,FALSE,TRUE,0,FALSE,FALSE,10000,100,Snowflake Product Account,TRUE,3.44633E+14,0,0,1,America/Los_Angeles,-7,ACTIVE,NONE,VAT information submitted,Snowflake,3.44633E+14,2024-05-13 13:33:31.499000-07:00,81,0
20.00200272,17208,9955,Bozeman,US,Snowflake Computing Inc.,MT,"106 East Babcock Street, Suite 3A",59715,TRUE,2022-01-20 12:59:50-08:00,USD,3.44633E+14,Snowflake,TRUE,TRUE,FALSE,FALSE,TRUE,0,FALSE,FALSE,10000,100,Snowflake Product Account,TRUE,3.44633E+14,0,0,1,America/Los_Angeles,-7,ACTIVE,NONE,VAT information submitted,Snowflake,3.44633E+14,2024-05-08 19:32:29.672000-07:00,82,0
17.66771783,2214,16962,Bozeman,US,Snowflake Computing Inc.,MT,"106 East Babcock Street, Suite 3A",59715,TRUE,2022-01-20 12:59:50-08:00,USD,3.44633E+14,Snowflake,TRUE,TRUE,FALSE,FALSE,TRUE,0,FALSE,FALSE,10000,100,Snowflake Product Account,TRUE,3.44633E+14,0,0,1,America/Los_Angeles,-7,ACTIVE,NONE,VAT information submitted,Snowflake,3.44633E+14,2024-05-12 01:32:30.925000-07:00,94,0
8.048970272,7614,16233,Bozeman,US,Snowflake Computing Inc.,MT,"106 East Babcock Street, Suite 3A",59715,TRUE,2022-01-20 12:59:50-08:00,USD,3.44633E+14,Snowflake,TRUE,TRUE,FALSE,FALSE,TRUE,0,FALSE,FALSE,10000,100,Snowflake Product Account,TRUE,3.44633E+14,0,0,1,America/Los_Angeles,-7,ACTIVE,NONE,VAT information submitted,Snowflake,3.44633E+14,2024-05-04 01:32:40.852000-07:00,109,0
20.00200272,17208,10159,Bozeman,US,Snowflake Computing Inc.,MT,"106 East Babcock Street, Suite 3A",59715,TRUE,2022-01-20 12:59:50-08:00,USD,3.44633E+14,Snowflake,TRUE,TRUE,FALSE,FALSE,TRUE,0,FALSE,FALSE,10000,100,Snowflake Product Account,TRUE,3.44633E+14,0,0,1,America/Los_Angeles,-7,ACTIVE,NONE,VAT information submitted,Snowflake,3.44633E+14,2024-05-09 19:32:28.248000-07:00,113,0
13.91986731,17208,16962,Bozeman,US,Snowflake Computing Inc.,MT,"106 East Babcock Street, Suite 3A",59715,TRUE,2022-01-20 12:59:50-08:00,USD,3.44633E+14,Snowflake,TRUE,TRUE,FALSE,FALSE,TRUE,0,FALSE,FALSE,10000,100,Snowflake Product Account,TRUE,3.44633E+14,0,0,1,America/Los_Angeles,-7,ACTIVE,NONE,VAT information submitted,Snowflake,3.44633E+14,2024-05-02 19:32:39.622000-07:00,115,0
6.777615119,17208,16962,Bozeman,US,Snowflake Computing Inc.,MT,"106 East Babcock Street, Suite 3A",59715,TRUE,2022-01-20 12:59:50-08:00,USD,3.44633E+14,Snowflake,TRUE,TRUE,FALSE,FALSE,TRUE,0,FALSE,FALSE,10000,100,Snowflake Product Account,TRUE,3.44633E+14,0,0,1,America/Los_Angeles,-7,ACTIVE,NONE,VAT information submitted,Snowflake,3.44633E+14,2024-05-08 19:32:29.672000-07:00,117,0
6.588459961,4922,16962,Bozeman,US,Snowflake Computing Inc.,MT,"106 East Babcock Street, Suite 3A",59715,TRUE,2022-01-20 12:59:50-08:00,USD,3.44633E+14,Snowflake,TRUE,TRUE,FALSE,FALSE,TRUE,0,FALSE,FALSE,10000,100,Snowflake Product Account,TRUE,3.44633E+14,0,0,1,America/Los_Angeles,-7,ACTIVE,NONE,VAT information submitted,Snowflake,3.44633E+14,2024-05-03 07:32:43.533000-07:00,131,0
0,12277,16962,Bozeman,US,Snowflake Computing Inc.,MT,"106 East Babcock Street, Suite 3A",59715,TRUE,2022-01-20 12:59:50-08:00,USD,3.44633E+14,Snowflake,TRUE,TRUE,FALSE,FALSE,TRUE,0,FALSE,FALSE,10000,100,Snowflake Product Account,TRUE,3.44633E+14,0,0,1,America/Los_Angeles,-7,ACTIVE,NONE,VAT information submitted,Snowflake,3.44633E+14,2024-05-02 19:32:39.622000-07:00,134,0
20.00200272,16193,16962,Bozeman,US,Snowflake Computing Inc.,MT,"106 East Babcock Street, Suite 3A",59715,TRUE,2022-01-20 12:59:50-08:00,USD,3.44633E+14,Snowflake,TRUE,TRUE,FALSE,FALSE,TRUE,0,FALSE,FALSE,10000,100,Snowflake Product Account,TRUE,3.44633E+14,0,0,1,America/Los_Angeles,-7,ACTIVE,NONE,VAT information submitted,Snowflake,3.44633E+14,2024-05-13 13:33:31.499000-07:00,136,0
20.00200272,17208,1527,Bozeman,US,Snowflake Computing Inc.,MT,"106 East Babcock Street, Suite 3A",59715,TRUE,2022-01-20 12:59:50-08:00,USD,3.44633E+14,Snowflake,TRUE,TRUE,FALSE,FALSE,TRUE,0,FALSE,FALSE,10000,100,Snowflake Product Account,TRUE,3.44633E+14,0,0,1,America/Los_Angeles,-7,ACTIVE,NONE,VAT information submitted,Snowflake,3.44633E+14,2024-05-03 13:32:40.193000-07:00,138,0
20.00200272,2922,13159,Bozeman,US,Snowflake Computing Inc.,MT,"106 East Babcock Street, Suite 3A",59715,TRUE,2022-01-20 12:59:50-08:00,USD,3.44633E+14,Snowflake,TRUE,TRUE,FALSE,FALSE,TRUE,0,FALSE,FALSE,10000,100,Snowflake Product Account,TRUE,3.44633E+14,0,0,1,America/Los_Angeles,-7,ACTIVE,NONE,VAT information submitted,Snowflake,3.44633E+14,2024-05-04 13:32:29.992000-07:00,139,0
5.345753987,17208,16962,Bozeman,US,Snowflake Computing Inc.,MT,"106 East Babcock Street, Suite 3A",59715,TRUE,2022-01-20 12:59:50-08:00,USD,3.44633E+14,Snowflake,TRUE,TRUE,FALSE,FALSE,TRUE,0,FALSE,FALSE,10000,100,Snowflake Product Account,TRUE,3.44633E+14,0,0,1,America/Los_Angeles,-7,ACTIVE,NONE,VAT information submitted,Snowflake,3.44633E+14,2024-05-13 13:33:31.499000-07:00,144,0
7.047748121,4503,16962,Bozeman,US,Snowflake Computing Inc.,MT,"106 East Babcock Street, Suite 3A",59715,TRUE,2022-01-20 12:59:50-08:00,USD,3.44633E+14,Snowflake,TRUE,TRUE,FALSE,FALSE,TRUE,0,FALSE,FALSE,10000,100,Snowflake Product Account,TRUE,3.44633E+14,0,0,1,America/Los_Angeles,-7,ACTIVE,NONE,VAT information submitted,Snowflake,3.44633E+14,2024-05-09 19:32:28.248000-07:00,157,0
6.651319401,13644,16962,Bozeman,US,Snowflake Computing Inc.,MT,"106 East Babcock Street, Suite 3A",59715,TRUE,2022-01-20 12:59:50-08:00,USD,3.44633E+14,Snowflake,TRUE,TRUE,FALSE,FALSE,TRUE,0,FALSE,FALSE,10000,100,Snowflake Product Account,TRUE,3.44633E+14,0,0,1,America/Los_Angeles,-7,ACTIVE,NONE,VAT information submitted,Snowflake,3.44633E+14,2024-05-12 01:32:30.925000-07:00,160,0
12.8934344,2326,16962,Bozeman,US,Snowflake Computing Inc.,MT,"106 East Babcock Street, Suite 3A",59715,TRUE,2022-01-20 12:59:50-08:00,USD,3.44633E+14,Snowflake,TRUE,TRUE,FALSE,FALSE,TRUE,0,FALSE,FALSE,10000,100,Snowflake Product Account,TRUE,3.44633E+14,0,0,1,America/Los_Angeles,-7,ACTIVE,NONE,VAT information submitted,Snowflake,3.44633E+14,2024-05-11 19:32:36.229000-07:00,179,0
14.53245269,17208,2230,Bozeman,US,Snowflake Computing Inc.,MT,"106 East Babcock Street, Suite 3A",59715,TRUE,2022-01-20 12:59:50-08:00,USD,3.44633E+14,Snowflake,TRUE,TRUE,FALSE,FALSE,TRUE,0,FALSE,FALSE,10000,100,Snowflake Product Account,TRUE,3.44633E+14,0,0,1,America/Los_Angeles,-7,ACTIVE,NONE,VAT information submitted,Snowflake,3.44633E+14,2024-05-13 13:33:31.499000-07:00,180,0
9.422702062,17208,16962,Bozeman,US,Snowflake Computing Inc.,MT,"106 East Babcock Street, Suite 3A",59715,TRUE,2022-01-20 12:59:50-08:00,USD,3.44633E+14,Snowflake,TRUE,TRUE,FALSE,FALSE,TRUE,0,FALSE,FALSE,10000,100,Snowflake Product Account,TRUE,3.44633E+14,0,0,1,America/Los_Angeles,-7,ACTIVE,NONE,VAT information submitted,Snowflake,3.44633E+14,2024-04-30 19:32:30.497000-07:00,189,0
9.673658523,11943,3278,Bozeman,US,Snowflake Computing Inc.,MT,"106 East Babcock Street, Suite 3A",59715,TRUE,2022-01-20 12:59:50-08:00,USD,3.44633E+14,Snowflake,TRUE,TRUE,FALSE,FALSE,TRUE,0,FALSE,FALSE,10000,100,Snowflake Product Account,TRUE,3.44633E+14,0,0,1,America/Los_Angeles,-7,ACTIVE,NONE,VAT information submitted,Snowflake,3.44633E+14,2024-05-13 13:33:31.499000-07:00,190,0
17.07463155,17208,16962,Bozeman,US,Snowflake Computing Inc.,MT,"106 East Babcock Street, Suite 3A",59715,TRUE,2022-01-20 12:59:50-08:00,USD,3.44633E+14,Snowflake,TRUE,TRUE,FALSE,FALSE,TRUE,0,FALSE,FALSE,10000,100,Snowflake Product Account,TRUE,3.44633E+14,0,0,1,America/Los_Angeles,-7,ACTIVE,NONE,VAT information submitted,Snowflake,3.44633E+14,2024-05-11 07:33:03.332000-07:00,192,0
5.764914542,1951,15680,Bozeman,US,Snowflake Computing Inc.,MT,"106 East Babcock Street, Suite 3A",59715,TRUE,2022-01-20 12:59:50-08:00,USD,3.44633E+14,Snowflake,TRUE,TRUE,FALSE,FALSE,TRUE,0,FALSE,FALSE,10000,100,Snowflake Product Account,TRUE,3.44633E+14,0,0,1,America/Los_Angeles,-7,ACTIVE,NONE,VAT information submitted,Snowflake,3.44633E+14,2024-05-12 19:32:48.520000-07:00,193,0
9.751646504,16490,16962,Bozeman,US,Snowflake Computing Inc.,MT,"106 East Babcock Street, Suite 3A",59715,TRUE,2022-01-20 12:59:50-08:00,USD,3.44633E+14,Snowflake,TRUE,TRUE,FALSE,FALSE,TRUE,0,FALSE,FALSE,10000,100,Snowflake Product Account,TRUE,3.44633E+14,0,0,1,America/Los_Angeles,-7,ACTIVE,NONE,VAT information submitted,Snowflake,3.44633E+14,2024-05-13 07:32:43.248000-07:00,194,0
8.412148761,17208,12037,Bozeman,US,Snowflake Computing Inc.,MT,"106 East Babcock Street, Suite 3A",59715,TRUE,2022-01-20 12:59:50-08:00,USD,3.44633E+14,Snowflake,TRUE,TRUE,FALSE,FALSE,TRUE,0,FALSE,FALSE,10000,100,Snowflake Product Account,TRUE,3.44633E+14,0,0,1,America/Los_Angeles,-7,ACTIVE,NONE,VAT information submitted,Snowflake,3.44633E+14,2024-05-10 19:33:04.179000-07:00,201,0
9.918699389,14503,13657,Bozeman,US,Snowflake Computing Inc.,MT,"106 East Babcock Street, Suite 3A",59715,TRUE,2022-01-20 12:59:50-08:00,USD,3.44633E+14,Snowflake,TRUE,TRUE,FALSE,FALSE,TRUE,0,FALSE,FALSE,10000,100,Snowflake Product Account,TRUE,3.44633E+14,0,0,1,America/Los_Angeles,-7,ACTIVE,NONE,VAT information submitted,Snowflake,3.44633E+14,2024-05-02 19:32:39.622000-07:00,212,0
11.2556173,17208,0,Bozeman,US,Snowflake Computing Inc.,MT,"106 East Babcock Street, Suite 3A",59715,TRUE,2022-01-20 12:59:50-08:00,USD,3.44633E+14,Snowflake,TRUE,TRUE,FALSE,FALSE,TRUE,0,FALSE,FALSE,10000,100,Snowflake Product Account,TRUE,3.44633E+14,0,0,1,America/Los_Angeles,-7,ACTIVE,NONE,VAT information submitted,Snowflake,3.44633E+14,2024-05-03 07:32:43.533000-07:00,214,0
1.837704984,2555,16962,Bozeman,US,Snowflake Computing Inc.,MT,"106 East Babcock Street, Suite 3A",59715,TRUE,2022-01-20 12:59:50-08:00,USD,3.44633E+14,Snowflake,TRUE,TRUE,FALSE,FALSE,TRUE,0,FALSE,FALSE,10000,100,Snowflake Product Account,TRUE,3.44633E+14,0,0,1,America/Los_Angeles,-7,ACTIVE,NONE,VAT information submitted,Snowflake,3.44633E+14,2024-05-02 19:32:39.622000-07:00,218,0
20.00200272,14146,16962,Bozeman,US,Snowflake Computing Inc.,MT,"106 East Babcock Street, Suite 3A",59715,TRUE,2022-01-20 12:59:50-08:00,USD,3.44633E+14,Snowflake,TRUE,TRUE,FALSE,FALSE,TRUE,0,FALSE,FALSE,10000,100,Snowflake Product Account,TRUE,3.44633E+14,0,0,1,America/Los_Angeles,-7,ACTIVE,NONE,VAT information submitted,Snowflake,3.44633E+14,2024-05-14 13:32:40.790000-07:00,221,0
3.807681507,2094,16962,Bozeman,US,Snowflake Computing Inc.,MT,"106 East Babcock Street, Suite 3A",59715,TRUE,2022-01-20 12:59:50-08:00,USD,3.44633E+14,Snowflake,TRUE,TRUE,FALSE,FALSE,TRUE,0,FALSE,FALSE,10000,100,Snowflake Product Account,TRUE,3.44633E+14,0,0,1,America/Los_Angeles,-7,ACTIVE,NONE,VAT information submitted,Snowflake,3.44633E+14,2024-05-02 13:32:25.003000-07:00,227,0
20.00200272,15184,9077,Bozeman,US,Snowflake Computing Inc.,MT,"106 East Babcock Street, Suite 3A",59715,TRUE,2022-01-20 12:59:50-08:00,USD,3.44633E+14,Snowflake,TRUE,TRUE,FALSE,FALSE,TRUE,0,FALSE,FALSE,10000,100,Snowflake Product Account,TRUE,3.44633E+14,0,0,1,America/Los_Angeles,-7,ACTIVE,NONE,VAT information submitted,Snowflake,3.44633E+14,2024-05-01 07:32:39.290000-07:00,229,0