FIRST_NAME,LAST_NAME,TITLE,COMPANY
John,Doe,Senior Software Engineer,Google
Alice,Smith,Marketing Manager,Amazon
Michael,Johnson,Financial Analyst,Apple
Sarah,Williams,Product Manager,Microsoft
David,Brown,Human Resources Director,Facebook
Emily,Jones,Senior Data Scientist,Tesla
Robert,Taylor,Operations Manager,Netflix
Jennifer,Davis,Sales Director,Intel
Matthew,Martinez,Senior Consultant,IBM
Jessica,Miller,Research Scientist,Oracle
Daniel,Anderson,Senior Software Developer,Cisco
Ashley,Wilson,UX/UI Designer,Salesforce
Christopher,Moore,Marketing Director,Uber
Amanda,Taylor,Senior Project Manager,Adobe
James,Jackson,Business Development Manager,Airbnb
Elizabeth,White,Data Engineer,LinkedIn
Samantha,Thompson,Financial Controller,HP Inc.
Andrew,Clark,IT Manager,Dell Technologies
Taylor,Lewis,Software Architect,VMware
Brandon,Walker,Supply Chain Manager,Accenture
Hannah,Hall,Senior Systems Analyst,Oracle
Tyler,Young,Quality Assurance Engineer,Visa
Madison,Allen,Technical Writer,Cisco
Nicholas,King,Operations Coordinator,IBM
Kayla,Scott,Product Marketing Specialist,Nvidia
Joseph,Adams,Business Analyst,Salesforce
Olivia,Green,Customer Success Manager,Adobe
William,Thomas,Network Administrator,HP Inc.
Lauren,Evans,UX Researcher,Intel
Alexander,Hill,Systems Engineer,Dell Technologies
Grace,Baker,Data Analyst,Oracle
Victoria,Robinson,Software Tester,VMware
Ryan,Perez,Digital Marketing Specialist,Accenture
Chloe,Turner,Cloud Solutions Architect,Amazon
Christian,Phillips,Scrum Master,Google
Natalie,Campbell,Product Owner,Microsoft
Dylan,Mitchell,DevOps Engineer,Tesla
Gabriella,Parker,UX/UI Developer,Netflix
Benjamin,Khan,Database Administrator,Facebook
Sydney,Gonzalez,Business Intelligence Analyst,Uber
Logan,Lopez,Technical Consultant,Cisco
Paige,Lee,Software Implementation Specialist,Salesforce
Isaac,Hernandez,ERP Consultant,Adobe
Megan,Martin,Systems Analyst,HP Inc.
Jacob,Roberts,Project Coordinator,Intel
Kaitlyn,Morris,Frontend Developer,Dell Technologies
Luke,Adams,Backend Developer,Oracle
Caleb,Nguyen,Network Engineer,VMware
Caroline,Harris,Business Process Analyst,Accenture
Blake,Ramirez,Technical Writer,Amazon
Hailey,Reyes,Software Quality Assurance Tester,Google
Landon,Stewart,Product Analyst,Microsoft
Jasmine,Scott,Web Developer,Tesla
Tristan,Nguyen,Systems Administrator,Netflix
Lily,Morgan,Mobile App Developer,Facebook
Brayden,Garcia,IT Specialist,Uber
Destiny,Evans,Customer Support Specialist,Salesforce
Colton,Rivera,Operations Analyst,Adobe
Alyssa,Torres,Business Systems Analyst,HP Inc.
Adam,Flores,Technical Trainer,Intel
Maria,Sanchez,Network Technician,Dell Technologies
lxkslsxk,77777,dcfdhdh,sfgdhydhy
Julian,Gomez,IT Security Analyst,Oracle
Riley,Hernandez,Software Engineer Intern,Twitter
Lucas,Gutierrez,UX/UI Intern,VMware
Brooklyn,Vargas,Marketing Intern,Accenture
Ayden,Lopez,Sales Intern,Amazon
Tom,Brady,Quarterback,NE Patriots
Leah,Castillo,Finance Intern,Google
Nolan,Jimenez,HR Intern,Microsoft
Adriana,Martinez,IT Intern,Tesla
Peyton,Moreno,Data Science Intern,Netflix
Angelina,Reyes,Operations Intern,Facebook
Julia,Torres,Software Development Intern,Uber
Cole,Gonzalez,Customer Service Intern,Salesforce
Alexis,Ramos,Business Intern,Adobe
Elijah,Mendoza,Marketing Assistant,HP Inc.
Levi,Castro,Administrative Assistant,Intel
Sophie,Sullivan,Executive Assistant,Dell Technologies
Gabriel,Valdez,Office Manager,Oracle
Jackson,Alvarez,IT Support Specialist,VMware
Isabella,Gomez,Customer Service Representative,Accenture
Aiden,Hernandez,Data Entry Clerk,Amazon
Lillian,Alvarez,Receptionist,Google
Minnie,Mouse,Mascot,Disney
Jordan,Castillo,Sales Associate,Microsoft
Michael,Jackson,Thriller,Entertainment Inc.
Anthony,Ruiz,Warehouse Associate,Tesla
Parker,Reyes,Logistics Coordinator,Netflix
Kylie,Vasquez,Shipping and Receiving Clerk,Facebook
